-- Generated by generate_demo_data.py

INSERT INTO suppliers(supplier_id, name, approved) VALUES
  ('S1', '台芯科技 / TaiwanChipCo', true),
  ('S2', '韩芯备份 / KoreaChipBackup', true),
  ('S3', '日本传感 / JapanSensor', true),
  ('S4', '苏州电路 / SuzhouPCB', true),
  ('S5', '深圳电源 / ShenzhenPower', true),
  ('S6', '东莞精密 / DongguanPrecision', true),
  ('S7', '武汉光电 / WuhanOptoelectronics', true),
  ('S8', '成都航电 / ChengduAvionics', true),
  ('S9', '天津材料 / TianjinMaterials', true),
  ('S10', '杭州软控 / HangzhouSoftControl', true)
ON CONFLICT DO NOTHING;

INSERT INTO parts(part_id, name, part_type) VALUES
  ('PR1', '产品-PR1 / Product-PR1', 'PRODUCT'),
  ('PR2', '产品-PR2 / Product-PR2', 'PRODUCT'),
  ('PR3', '产品-PR3 / Product-PR3', 'PRODUCT'),
  ('PR4', '产品-PR4 / Product-PR4', 'PRODUCT'),
  ('PR5', '产品-PR5 / Product-PR5', 'PRODUCT'),
  ('PR6', '产品-PR6 / Product-PR6', 'PRODUCT'),
  ('PR7', '产品-PR7 / Product-PR7', 'PRODUCT'),
  ('PR8', '产品-PR8 / Product-PR8', 'PRODUCT'),
  ('PR9', '产品-PR9 / Product-PR9', 'PRODUCT'),
  ('PR10', '产品-PR10 / Product-PR10', 'PRODUCT'),
  ('PR11', '产品-PR11 / Product-PR11', 'PRODUCT'),
  ('PR12', '产品-PR12 / Product-PR12', 'PRODUCT'),
  ('PR13', '产品-PR13 / Product-PR13', 'PRODUCT'),
  ('PR14', '产品-PR14 / Product-PR14', 'PRODUCT'),
  ('PR15', '产品-PR15 / Product-PR15', 'PRODUCT'),
  ('PR16', '产品-PR16 / Product-PR16', 'PRODUCT'),
  ('PR17', '产品-PR17 / Product-PR17', 'PRODUCT'),
  ('PR18', '产品-PR18 / Product-PR18', 'PRODUCT'),
  ('PR19', '产品-PR19 / Product-PR19', 'PRODUCT'),
  ('PR20', '产品-PR20 / Product-PR20', 'PRODUCT'),
  ('P001', '组件-P001 / Assembly-P001', 'ASSEMBLY'),
  ('P002', '组件-P002 / Assembly-P002', 'ASSEMBLY'),
  ('P003', '组件-P003 / Assembly-P003', 'ASSEMBLY'),
  ('P004', '组件-P004 / Assembly-P004', 'ASSEMBLY'),
  ('P005', '组件-P005 / Assembly-P005', 'ASSEMBLY'),
  ('P006', '组件-P006 / Assembly-P006', 'ASSEMBLY'),
  ('P007', '组件-P007 / Assembly-P007', 'ASSEMBLY'),
  ('P008', '组件-P008 / Assembly-P008', 'ASSEMBLY'),
  ('P009', '组件-P009 / Assembly-P009', 'ASSEMBLY'),
  ('P010', '组件-P010 / Assembly-P010', 'ASSEMBLY'),
  ('P011', '组件-P011 / Assembly-P011', 'ASSEMBLY'),
  ('P012', '组件-P012 / Assembly-P012', 'ASSEMBLY'),
  ('P013', '组件-P013 / Assembly-P013', 'ASSEMBLY'),
  ('P014', '组件-P014 / Assembly-P014', 'ASSEMBLY'),
  ('P015', '组件-P015 / Assembly-P015', 'ASSEMBLY'),
  ('P016', '组件-P016 / Assembly-P016', 'ASSEMBLY'),
  ('P017', '组件-P017 / Assembly-P017', 'ASSEMBLY'),
  ('P018', '组件-P018 / Assembly-P018', 'ASSEMBLY'),
  ('P019', '组件-P019 / Assembly-P019', 'ASSEMBLY'),
  ('P020', '组件-P020 / Assembly-P020', 'ASSEMBLY'),
  ('P021', '组件-P021 / Assembly-P021', 'ASSEMBLY'),
  ('P022', '组件-P022 / Assembly-P022', 'ASSEMBLY'),
  ('P023', '组件-P023 / Assembly-P023', 'ASSEMBLY'),
  ('P024', '组件-P024 / Assembly-P024', 'ASSEMBLY'),
  ('P025', '组件-P025 / Assembly-P025', 'ASSEMBLY'),
  ('P026', '组件-P026 / Assembly-P026', 'ASSEMBLY'),
  ('P027', '组件-P027 / Assembly-P027', 'ASSEMBLY'),
  ('P028', '组件-P028 / Assembly-P028', 'ASSEMBLY'),
  ('P029', '组件-P029 / Assembly-P029', 'ASSEMBLY'),
  ('P030', '组件-P030 / Assembly-P030', 'ASSEMBLY'),
  ('P031', '组件-P031 / Assembly-P031', 'ASSEMBLY'),
  ('P032', '组件-P032 / Assembly-P032', 'ASSEMBLY'),
  ('P033', '组件-P033 / Assembly-P033', 'ASSEMBLY'),
  ('P034', '组件-P034 / Assembly-P034', 'ASSEMBLY'),
  ('P035', '组件-P035 / Assembly-P035', 'ASSEMBLY'),
  ('P036', '组件-P036 / Assembly-P036', 'ASSEMBLY'),
  ('P037', '组件-P037 / Assembly-P037', 'ASSEMBLY'),
  ('P038', '组件-P038 / Assembly-P038', 'ASSEMBLY'),
  ('P039', '组件-P039 / Assembly-P039', 'ASSEMBLY'),
  ('P040', '组件-P040 / Assembly-P040', 'ASSEMBLY'),
  ('P041', '零件-P041 / Component-P041', 'COMPONENT'),
  ('P042', '零件-P042 / Component-P042', 'COMPONENT'),
  ('P043', '零件-P043 / Component-P043', 'COMPONENT'),
  ('P044', '零件-P044 / Component-P044', 'COMPONENT'),
  ('P045', '零件-P045 / Component-P045', 'COMPONENT'),
  ('P046', '零件-P046 / Component-P046', 'COMPONENT'),
  ('P047', '零件-P047 / Component-P047', 'COMPONENT'),
  ('P048', '零件-P048 / Component-P048', 'COMPONENT'),
  ('P049', '零件-P049 / Component-P049', 'COMPONENT'),
  ('P050', '零件-P050 / Component-P050', 'COMPONENT'),
  ('P051', '零件-P051 / Component-P051', 'COMPONENT'),
  ('P052', '零件-P052 / Component-P052', 'COMPONENT'),
  ('P053', '零件-P053 / Component-P053', 'COMPONENT'),
  ('P054', '零件-P054 / Component-P054', 'COMPONENT'),
  ('P055', '零件-P055 / Component-P055', 'COMPONENT'),
  ('P056', '零件-P056 / Component-P056', 'COMPONENT'),
  ('P057', '零件-P057 / Component-P057', 'COMPONENT'),
  ('P058', '零件-P058 / Component-P058', 'COMPONENT'),
  ('P059', '零件-P059 / Component-P059', 'COMPONENT'),
  ('P060', '零件-P060 / Component-P060', 'COMPONENT'),
  ('P061', '零件-P061 / Component-P061', 'COMPONENT'),
  ('P062', '零件-P062 / Component-P062', 'COMPONENT'),
  ('P063', '零件-P063 / Component-P063', 'COMPONENT'),
  ('P064', '零件-P064 / Component-P064', 'COMPONENT'),
  ('P065', '零件-P065 / Component-P065', 'COMPONENT'),
  ('P066', '零件-P066 / Component-P066', 'COMPONENT'),
  ('P067', '零件-P067 / Component-P067', 'COMPONENT'),
  ('P068', '零件-P068 / Component-P068', 'COMPONENT'),
  ('P069', '零件-P069 / Component-P069', 'COMPONENT'),
  ('P070', '零件-P070 / Component-P070', 'COMPONENT'),
  ('P071', '零件-P071 / Component-P071', 'COMPONENT'),
  ('P072', '零件-P072 / Component-P072', 'COMPONENT'),
  ('P073', '零件-P073 / Component-P073', 'COMPONENT'),
  ('P074', '零件-P074 / Component-P074', 'COMPONENT'),
  ('P075', '零件-P075 / Component-P075', 'COMPONENT'),
  ('P076', '零件-P076 / Component-P076', 'COMPONENT'),
  ('P077', '零件-P077 / Component-P077', 'COMPONENT'),
  ('P078', '零件-P078 / Component-P078', 'COMPONENT'),
  ('P079', '零件-P079 / Component-P079', 'COMPONENT'),
  ('P080', '零件-P080 / Component-P080', 'COMPONENT'),
  ('P081', '零件-P081 / Component-P081', 'COMPONENT'),
  ('P082', '零件-P082 / Component-P082', 'COMPONENT'),
  ('P083', '零件-P083 / Component-P083', 'COMPONENT'),
  ('P084', '零件-P084 / Component-P084', 'COMPONENT'),
  ('P085', '零件-P085 / Component-P085', 'COMPONENT'),
  ('P086', '零件-P086 / Component-P086', 'COMPONENT'),
  ('P087', '零件-P087 / Component-P087', 'COMPONENT'),
  ('P088', '零件-P088 / Component-P088', 'COMPONENT'),
  ('P089', '零件-P089 / Component-P089', 'COMPONENT'),
  ('P090', '零件-P090 / Component-P090', 'COMPONENT'),
  ('P091', '零件-P091 / Component-P091', 'COMPONENT'),
  ('P092', '零件-P092 / Component-P092', 'COMPONENT'),
  ('P093', '零件-P093 / Component-P093', 'COMPONENT'),
  ('P094', '零件-P094 / Component-P094', 'COMPONENT'),
  ('P095', '零件-P095 / Component-P095', 'COMPONENT'),
  ('P096', '零件-P096 / Component-P096', 'COMPONENT'),
  ('P097', '零件-P097 / Component-P097', 'COMPONENT'),
  ('P098', '零件-P098 / Component-P098', 'COMPONENT'),
  ('P099', '零件-P099 / Component-P099', 'COMPONENT'),
  ('P100', '零件-P100 / Component-P100', 'COMPONENT'),
  ('P101', '零件-P101 / Component-P101', 'COMPONENT'),
  ('P102', '零件-P102 / Component-P102', 'COMPONENT'),
  ('P103', '零件-P103 / Component-P103', 'COMPONENT'),
  ('P104', '零件-P104 / Component-P104', 'COMPONENT'),
  ('P105', '零件-P105 / Component-P105', 'COMPONENT'),
  ('P106', '零件-P106 / Component-P106', 'COMPONENT'),
  ('P107', '零件-P107 / Component-P107', 'COMPONENT'),
  ('P108', '零件-P108 / Component-P108', 'COMPONENT'),
  ('P109', '零件-P109 / Component-P109', 'COMPONENT'),
  ('P110', '零件-P110 / Component-P110', 'COMPONENT'),
  ('P111', '零件-P111 / Component-P111', 'COMPONENT'),
  ('P112', '零件-P112 / Component-P112', 'COMPONENT'),
  ('P113', '零件-P113 / Component-P113', 'COMPONENT'),
  ('P114', '零件-P114 / Component-P114', 'COMPONENT'),
  ('P115', '零件-P115 / Component-P115', 'COMPONENT'),
  ('P116', '零件-P116 / Component-P116', 'COMPONENT'),
  ('P117', '零件-P117 / Component-P117', 'COMPONENT'),
  ('P118', '零件-P118 / Component-P118', 'COMPONENT'),
  ('P119', '零件-P119 / Component-P119', 'COMPONENT'),
  ('P120', '零件-P120 / Component-P120', 'COMPONENT'),
  ('P121', '零件-P121 / Component-P121', 'COMPONENT'),
  ('P122', '零件-P122 / Component-P122', 'COMPONENT'),
  ('P123', '零件-P123 / Component-P123', 'COMPONENT'),
  ('P124', '零件-P124 / Component-P124', 'COMPONENT'),
  ('P125', '零件-P125 / Component-P125', 'COMPONENT'),
  ('P126', '零件-P126 / Component-P126', 'COMPONENT'),
  ('P127', '零件-P127 / Component-P127', 'COMPONENT'),
  ('P128', '零件-P128 / Component-P128', 'COMPONENT'),
  ('P129', '零件-P129 / Component-P129', 'COMPONENT'),
  ('P130', '零件-P130 / Component-P130', 'COMPONENT'),
  ('P131', '零件-P131 / Component-P131', 'COMPONENT'),
  ('P132', '零件-P132 / Component-P132', 'COMPONENT'),
  ('P133', '零件-P133 / Component-P133', 'COMPONENT'),
  ('P134', '零件-P134 / Component-P134', 'COMPONENT'),
  ('P135', '零件-P135 / Component-P135', 'COMPONENT'),
  ('P136', '零件-P136 / Component-P136', 'COMPONENT'),
  ('P137', '零件-P137 / Component-P137', 'COMPONENT'),
  ('P138', '零件-P138 / Component-P138', 'COMPONENT'),
  ('P139', '零件-P139 / Component-P139', 'COMPONENT'),
  ('P140', '零件-P140 / Component-P140', 'COMPONENT'),
  ('P141', '零件-P141 / Component-P141', 'COMPONENT'),
  ('P142', '零件-P142 / Component-P142', 'COMPONENT'),
  ('P143', '零件-P143 / Component-P143', 'COMPONENT'),
  ('P144', '零件-P144 / Component-P144', 'COMPONENT'),
  ('P145', '零件-P145 / Component-P145', 'COMPONENT'),
  ('P146', '零件-P146 / Component-P146', 'COMPONENT'),
  ('P147', '零件-P147 / Component-P147', 'COMPONENT'),
  ('P148', '零件-P148 / Component-P148', 'COMPONENT'),
  ('P149', '零件-P149 / Component-P149', 'COMPONENT'),
  ('P150', '零件-P150 / Component-P150', 'COMPONENT'),
  ('P151', '零件-P151 / Component-P151', 'COMPONENT'),
  ('P152', '零件-P152 / Component-P152', 'COMPONENT'),
  ('P153', '零件-P153 / Component-P153', 'COMPONENT'),
  ('P154', '零件-P154 / Component-P154', 'COMPONENT'),
  ('P155', '零件-P155 / Component-P155', 'COMPONENT'),
  ('P156', '零件-P156 / Component-P156', 'COMPONENT'),
  ('P157', '零件-P157 / Component-P157', 'COMPONENT'),
  ('P158', '零件-P158 / Component-P158', 'COMPONENT'),
  ('P159', '零件-P159 / Component-P159', 'COMPONENT'),
  ('P160', '零件-P160 / Component-P160', 'COMPONENT'),
  ('P161', '零件-P161 / Component-P161', 'COMPONENT'),
  ('P162', '零件-P162 / Component-P162', 'COMPONENT'),
  ('P163', '零件-P163 / Component-P163', 'COMPONENT'),
  ('P164', '零件-P164 / Component-P164', 'COMPONENT'),
  ('P165', '零件-P165 / Component-P165', 'COMPONENT'),
  ('P166', '零件-P166 / Component-P166', 'COMPONENT'),
  ('P167', '零件-P167 / Component-P167', 'COMPONENT'),
  ('P168', '零件-P168 / Component-P168', 'COMPONENT'),
  ('P169', '零件-P169 / Component-P169', 'COMPONENT'),
  ('P170', '零件-P170 / Component-P170', 'COMPONENT'),
  ('P171', '零件-P171 / Component-P171', 'COMPONENT'),
  ('P172', '零件-P172 / Component-P172', 'COMPONENT'),
  ('P173', '零件-P173 / Component-P173', 'COMPONENT'),
  ('P174', '零件-P174 / Component-P174', 'COMPONENT'),
  ('P175', '零件-P175 / Component-P175', 'COMPONENT'),
  ('P176', '零件-P176 / Component-P176', 'COMPONENT'),
  ('P177', '零件-P177 / Component-P177', 'COMPONENT'),
  ('P178', '零件-P178 / Component-P178', 'COMPONENT'),
  ('P179', '零件-P179 / Component-P179', 'COMPONENT'),
  ('P180', '零件-P180 / Component-P180', 'COMPONENT'),
  ('P181', '零件-P181 / Component-P181', 'COMPONENT'),
  ('P182', '零件-P182 / Component-P182', 'COMPONENT'),
  ('P183', '零件-P183 / Component-P183', 'COMPONENT'),
  ('P184', '零件-P184 / Component-P184', 'COMPONENT'),
  ('P185', '零件-P185 / Component-P185', 'COMPONENT'),
  ('P186', '零件-P186 / Component-P186', 'COMPONENT'),
  ('P187', '零件-P187 / Component-P187', 'COMPONENT'),
  ('P188', '零件-P188 / Component-P188', 'COMPONENT'),
  ('P189', '零件-P189 / Component-P189', 'COMPONENT'),
  ('P190', '零件-P190 / Component-P190', 'COMPONENT'),
  ('P191', '零件-P191 / Component-P191', 'COMPONENT'),
  ('P192', '零件-P192 / Component-P192', 'COMPONENT'),
  ('P193', '零件-P193 / Component-P193', 'COMPONENT'),
  ('P194', '零件-P194 / Component-P194', 'COMPONENT'),
  ('P195', '零件-P195 / Component-P195', 'COMPONENT'),
  ('P196', '零件-P196 / Component-P196', 'COMPONENT'),
  ('P197', '零件-P197 / Component-P197', 'COMPONENT'),
  ('P198', '零件-P198 / Component-P198', 'COMPONENT'),
  ('P199', '零件-P199 / Component-P199', 'COMPONENT'),
  ('P200', '零件-P200 / Component-P200', 'COMPONENT'),
  ('P030-REV2', 'P030 改良版 / P030 Revised', 'COMPONENT')
ON CONFLICT DO NOTHING;

INSERT INTO supplier_parts(supplier_id, part_id, priority, lead_time_days) VALUES
  ('S5', 'P041', 1, 5),
  ('S3', 'P041', 2, 10),
  ('S6', 'P041', 3, 14),
  ('S3', 'P042', 1, 29),
  ('S8', 'P042', 2, 20),
  ('S5', 'P043', 1, 24),
  ('S9', 'P043', 2, 29),
  ('S1', 'P043', 3, 20),
  ('S2', 'P044', 1, 11),
  ('S3', 'P044', 2, 6),
  ('S9', 'P045', 1, 7),
  ('S5', 'P046', 1, 25),
  ('S4', 'P046', 2, 13),
  ('S5', 'P047', 1, 19),
  ('S5', 'P048', 1, 5),
  ('S1', 'P048', 2, 23),
  ('S5', 'P049', 1, 3),
  ('S1', 'P049', 2, 13),
  ('S5', 'P050', 1, 8),
  ('S8', 'P051', 1, 20),
  ('S9', 'P051', 2, 3),
  ('S7', 'P051', 3, 6),
  ('S3', 'P052', 1, 20),
  ('S6', 'P053', 1, 21),
  ('S3', 'P054', 1, 4),
  ('S7', 'P054', 2, 12),
  ('S10', 'P054', 3, 14),
  ('S6', 'P055', 1, 9),
  ('S4', 'P056', 1, 27),
  ('S2', 'P056', 2, 20),
  ('S6', 'P056', 3, 30),
  ('S10', 'P057', 1, 10),
  ('S3', 'P057', 2, 30),
  ('S3', 'P058', 1, 16),
  ('S3', 'P059', 1, 26),
  ('S7', 'P060', 1, 11),
  ('S4', 'P060', 2, 8),
  ('S2', 'P061', 1, 30),
  ('S7', 'P061', 2, 18),
  ('S1', 'P061', 3, 10),
  ('S8', 'P062', 1, 14),
  ('S4', 'P063', 1, 3),
  ('S10', 'P063', 2, 24),
  ('S7', 'P064', 1, 13),
  ('S2', 'P065', 1, 14),
  ('S5', 'P065', 2, 23),
  ('S7', 'P066', 1, 3),
  ('S9', 'P066', 2, 6),
  ('S6', 'P066', 3, 11),
  ('S10', 'P067', 1, 11),
  ('S2', 'P068', 1, 22),
  ('S6', 'P069', 1, 16),
  ('S10', 'P069', 2, 22),
  ('S2', 'P070', 1, 11),
  ('S7', 'P070', 2, 4),
  ('S4', 'P070', 3, 25),
  ('S1', 'P071', 1, 28),
  ('S9', 'P071', 2, 20),
  ('S4', 'P072', 1, 5),
  ('S6', 'P072', 2, 24),
  ('S7', 'P072', 3, 13),
  ('S6', 'P073', 1, 19),
  ('S2', 'P073', 2, 12),
  ('S5', 'P073', 3, 24),
  ('S6', 'P074', 1, 25),
  ('S7', 'P074', 2, 12),
  ('S3', 'P075', 1, 24),
  ('S4', 'P075', 2, 15),
  ('S7', 'P075', 3, 24),
  ('S3', 'P076', 1, 20),
  ('S5', 'P076', 2, 29),
  ('S7', 'P076', 3, 3),
  ('S5', 'P077', 1, 16),
  ('S4', 'P077', 2, 28),
  ('S10', 'P078', 1, 17),
  ('S6', 'P078', 2, 17),
  ('S8', 'P078', 3, 24),
  ('S9', 'P079', 1, 18),
  ('S3', 'P080', 1, 19),
  ('S2', 'P080', 2, 24),
  ('S5', 'P080', 3, 23),
  ('S6', 'P081', 1, 24),
  ('S2', 'P081', 2, 12),
  ('S4', 'P081', 3, 10),
  ('S3', 'P082', 1, 3),
  ('S4', 'P083', 1, 18),
  ('S2', 'P084', 1, 23),
  ('S8', 'P084', 2, 21),
  ('S7', 'P084', 3, 9),
  ('S7', 'P085', 1, 10),
  ('S8', 'P085', 2, 7),
  ('S10', 'P085', 3, 23),
  ('S1', 'P086', 1, 10),
  ('S2', 'P086', 2, 8),
  ('S7', 'P086', 3, 28),
  ('S9', 'P087', 1, 20),
  ('S8', 'P087', 2, 10),
  ('S1', 'P087', 3, 30),
  ('S8', 'P088', 1, 7),
  ('S9', 'P089', 1, 22),
  ('S10', 'P089', 2, 13),
  ('S10', 'P090', 1, 16),
  ('S9', 'P090', 2, 29),
  ('S8', 'P091', 1, 17),
  ('S3', 'P091', 2, 11),
  ('S10', 'P091', 3, 27),
  ('S5', 'P092', 1, 27),
  ('S8', 'P093', 1, 17),
  ('S4', 'P093', 2, 5),
  ('S5', 'P093', 3, 25),
  ('S4', 'P094', 1, 13),
  ('S5', 'P094', 2, 13),
  ('S2', 'P095', 1, 10),
  ('S3', 'P095', 2, 15),
  ('S9', 'P095', 3, 25),
  ('S4', 'P096', 1, 5),
  ('S7', 'P097', 1, 20),
  ('S6', 'P097', 2, 17),
  ('S1', 'P098', 1, 29),
  ('S4', 'P098', 2, 16),
  ('S10', 'P099', 1, 30),
  ('S1', 'P099', 2, 27),
  ('S7', 'P100', 1, 14),
  ('S8', 'P100', 2, 12),
  ('S1', 'P100', 3, 27),
  ('S7', 'P101', 1, 26),
  ('S9', 'P101', 2, 26),
  ('S10', 'P102', 1, 10),
  ('S4', 'P102', 2, 11),
  ('S8', 'P102', 3, 16),
  ('S1', 'P103', 1, 13),
  ('S7', 'P103', 2, 24),
  ('S7', 'P104', 1, 7),
  ('S3', 'P104', 2, 22),
  ('S8', 'P104', 3, 20),
  ('S7', 'P105', 1, 21),
  ('S1', 'P106', 1, 7),
  ('S2', 'P106', 2, 30),
  ('S7', 'P106', 3, 17),
  ('S1', 'P107', 1, 11),
  ('S6', 'P108', 1, 17),
  ('S4', 'P108', 2, 13),
  ('S7', 'P109', 1, 27),
  ('S5', 'P109', 2, 29),
  ('S5', 'P110', 1, 18),
  ('S2', 'P110', 2, 3),
  ('S9', 'P111', 1, 10),
  ('S1', 'P111', 2, 23),
  ('S6', 'P111', 3, 5),
  ('S1', 'P112', 1, 9),
  ('S10', 'P112', 2, 29),
  ('S4', 'P112', 3, 3),
  ('S3', 'P113', 1, 18),
  ('S4', 'P113', 2, 24),
  ('S10', 'P113', 3, 6),
  ('S4', 'P114', 1, 27),
  ('S8', 'P114', 2, 14),
  ('S5', 'P114', 3, 8),
  ('S10', 'P115', 1, 12),
  ('S2', 'P115', 2, 6),
  ('S3', 'P115', 3, 21),
  ('S5', 'P116', 1, 21),
  ('S7', 'P117', 1, 5),
  ('S10', 'P117', 2, 21),
  ('S4', 'P117', 3, 25),
  ('S4', 'P118', 1, 30),
  ('S2', 'P118', 2, 24),
  ('S5', 'P118', 3, 22),
  ('S10', 'P119', 1, 28),
  ('S6', 'P120', 1, 20),
  ('S6', 'P121', 1, 19),
  ('S2', 'P121', 2, 23),
  ('S1', 'P122', 1, 29),
  ('S7', 'P122', 2, 18),
  ('S7', 'P123', 1, 14),
  ('S8', 'P124', 1, 8),
  ('S3', 'P124', 2, 26),
  ('S7', 'P124', 3, 19),
  ('S5', 'P125', 1, 17),
  ('S9', 'P125', 2, 16),
  ('S8', 'P125', 3, 29),
  ('S10', 'P126', 1, 30),
  ('S5', 'P126', 2, 10),
  ('S6', 'P126', 3, 29),
  ('S5', 'P127', 1, 17),
  ('S8', 'P128', 1, 21),
  ('S7', 'P129', 1, 18),
  ('S6', 'P129', 2, 30),
  ('S1', 'P129', 3, 13),
  ('S8', 'P130', 1, 9),
  ('S5', 'P131', 1, 11),
  ('S6', 'P131', 2, 22),
  ('S5', 'P132', 1, 19),
  ('S9', 'P132', 2, 9),
  ('S1', 'P132', 3, 5),
  ('S7', 'P133', 1, 18),
  ('S4', 'P134', 1, 17),
  ('S8', 'P134', 2, 28),
  ('S9', 'P134', 3, 3),
  ('S5', 'P135', 1, 10),
  ('S4', 'P136', 1, 24),
  ('S5', 'P136', 2, 21),
  ('S8', 'P137', 1, 19),
  ('S9', 'P137', 2, 14),
  ('S9', 'P138', 1, 14),
  ('S6', 'P138', 2, 25),
  ('S5', 'P139', 1, 11),
  ('S10', 'P139', 2, 10),
  ('S4', 'P140', 1, 13),
  ('S9', 'P141', 1, 27),
  ('S3', 'P142', 1, 26),
  ('S4', 'P142', 2, 18),
  ('S9', 'P142', 3, 11),
  ('S10', 'P143', 1, 6),
  ('S9', 'P143', 2, 29),
  ('S5', 'P143', 3, 9),
  ('S4', 'P144', 1, 8),
  ('S6', 'P144', 2, 12),
  ('S9', 'P145', 1, 7),
  ('S1', 'P146', 1, 20),
  ('S10', 'P146', 2, 12),
  ('S3', 'P147', 1, 30),
  ('S8', 'P147', 2, 3),
  ('S2', 'P147', 3, 21),
  ('S8', 'P148', 1, 17),
  ('S10', 'P148', 2, 13),
  ('S1', 'P149', 1, 11),
  ('S2', 'P150', 1, 15),
  ('S10', 'P150', 2, 18),
  ('S10', 'P151', 1, 23),
  ('S1', 'P152', 1, 28),
  ('S3', 'P152', 2, 21),
  ('S9', 'P152', 3, 12),
  ('S4', 'P153', 1, 6),
  ('S7', 'P154', 1, 17),
  ('S4', 'P154', 2, 17),
  ('S10', 'P154', 3, 12),
  ('S7', 'P155', 1, 22),
  ('S5', 'P155', 2, 26),
  ('S1', 'P155', 3, 6),
  ('S4', 'P156', 1, 11),
  ('S2', 'P157', 1, 8),
  ('S3', 'P157', 2, 20),
  ('S4', 'P157', 3, 5),
  ('S1', 'P158', 1, 16),
  ('S10', 'P159', 1, 12),
  ('S8', 'P159', 2, 4),
  ('S5', 'P160', 1, 25),
  ('S8', 'P161', 1, 24),
  ('S2', 'P161', 2, 10),
  ('S10', 'P162', 1, 16),
  ('S4', 'P162', 2, 6),
  ('S4', 'P163', 1, 29),
  ('S3', 'P163', 2, 7),
  ('S5', 'P163', 3, 5),
  ('S3', 'P164', 1, 28),
  ('S10', 'P165', 1, 17),
  ('S5', 'P165', 2, 6),
  ('S5', 'P166', 1, 11),
  ('S7', 'P166', 2, 19),
  ('S8', 'P167', 1, 22),
  ('S10', 'P167', 2, 4),
  ('S2', 'P167', 3, 16),
  ('S6', 'P168', 1, 5),
  ('S5', 'P168', 2, 10),
  ('S1', 'P168', 3, 24),
  ('S10', 'P169', 1, 21),
  ('S1', 'P169', 2, 4),
  ('S5', 'P169', 3, 27),
  ('S8', 'P170', 1, 19),
  ('S8', 'P171', 1, 21),
  ('S5', 'P171', 2, 16),
  ('S3', 'P171', 3, 23),
  ('S2', 'P172', 1, 14),
  ('S8', 'P172', 2, 16),
  ('S6', 'P173', 1, 30),
  ('S2', 'P173', 2, 8),
  ('S7', 'P174', 1, 12),
  ('S8', 'P174', 2, 24),
  ('S9', 'P175', 1, 17),
  ('S1', 'P175', 2, 5),
  ('S5', 'P176', 1, 6),
  ('S6', 'P176', 2, 27),
  ('S9', 'P177', 1, 24),
  ('S1', 'P177', 2, 30),
  ('S8', 'P178', 1, 9),
  ('S7', 'P178', 2, 19),
  ('S1', 'P178', 3, 14),
  ('S8', 'P179', 1, 9),
  ('S10', 'P179', 2, 11),
  ('S1', 'P179', 3, 20),
  ('S5', 'P180', 1, 17),
  ('S8', 'P181', 1, 23),
  ('S2', 'P181', 2, 22),
  ('S1', 'P181', 3, 28),
  ('S3', 'P182', 1, 12),
  ('S1', 'P183', 1, 5),
  ('S9', 'P183', 2, 10),
  ('S7', 'P183', 3, 29),
  ('S8', 'P184', 1, 6),
  ('S3', 'P185', 1, 19),
  ('S8', 'P185', 2, 25),
  ('S5', 'P185', 3, 11),
  ('S8', 'P186', 1, 10),
  ('S10', 'P186', 2, 17),
  ('S3', 'P187', 1, 22),
  ('S7', 'P187', 2, 19),
  ('S4', 'P187', 3, 26),
  ('S2', 'P188', 1, 11),
  ('S6', 'P189', 1, 11),
  ('S9', 'P189', 2, 29),
  ('S5', 'P190', 1, 26),
  ('S10', 'P191', 1, 30),
  ('S8', 'P191', 2, 7),
  ('S9', 'P192', 1, 14),
  ('S8', 'P192', 2, 13),
  ('S9', 'P193', 1, 13),
  ('S7', 'P193', 2, 30),
  ('S8', 'P193', 3, 9),
  ('S4', 'P194', 1, 30),
  ('S7', 'P194', 2, 27),
  ('S10', 'P194', 3, 16),
  ('S6', 'P195', 1, 26),
  ('S7', 'P196', 1, 24),
  ('S10', 'P196', 2, 28),
  ('S3', 'P197', 1, 7),
  ('S8', 'P197', 2, 19),
  ('S1', 'P197', 3, 21),
  ('S2', 'P198', 1, 6),
  ('S8', 'P198', 2, 19),
  ('S1', 'P199', 1, 16),
  ('S3', 'P199', 2, 30),
  ('S3', 'P200', 1, 28),
  ('S2', 'P200', 2, 11),
  ('S8', 'P200', 3, 13),
  ('S2', 'P040', 1, 12),
  ('S5', 'P026', 1, 12),
  ('S2', 'P006', 1, 18),
  ('S2', 'P022', 1, 8),
  ('S8', 'P035', 1, 10),
  ('S5', 'P025', 1, 5),
  ('S1', 'P021', 1, 15),
  ('S1', 'P032', 1, 14),
  ('S6', 'P003', 1, 16),
  ('S7', 'P020', 1, 9)
ON CONFLICT DO NOTHING;

INSERT INTO purchase_orders(po_id, part_id, supplier_id, qty, status, eta, updated_at) VALUES
  ('PO-ERP-2001', 'P041', 'S5', 2865, 'Open', '2026-03-18', now()),
  ('PO-ERP-2002', 'P042', 'S8', 348, 'QC_Hold', '2026-03-13', now()),
  ('PO-ERP-2003', 'P043', 'S9', 3815, 'QC_Hold', '2026-02-14', now()),
  ('PO-ERP-2004', 'P043', 'S9', 4066, 'Open', '2026-03-11', now()),
  ('PO-ERP-2005', 'P044', 'S3', 1171, 'Closed', '2026-03-30', now()),
  ('PO-ERP-2006', 'P044', 'S3', 1103, 'Closed', '2026-02-27', now()),
  ('PO-ERP-2007', 'P045', 'S9', 2133, 'Closed', '2026-02-20', now()),
  ('PO-ERP-2008', 'P045', 'S9', 4316, 'Closed', '2026-03-11', now()),
  ('PO-ERP-2009', 'P046', 'S5', 1862, 'Closed', '2026-03-19', now()),
  ('PO-ERP-2010', 'P046', 'S4', 4994, 'QC_Hold', '2026-03-23', now()),
  ('PO-ERP-2011', 'P047', 'S5', 2266, 'Closed', '2026-03-28', now()),
  ('PO-ERP-2012', 'P047', 'S5', 519, 'QC_Hold', '2026-03-18', now()),
  ('PO-ERP-2013', 'P048', 'S1', 1073, 'Open', '2026-02-18', now()),
  ('PO-ERP-2014', 'P048', 'S1', 1281, 'QC_Hold', '2026-02-22', now()),
  ('PO-ERP-2015', 'P049', 'S1', 1320, 'QC_Hold', '2026-03-20', now()),
  ('PO-ERP-2016', 'P049', 'S1', 1431, 'QC_Hold', '2026-03-07', now()),
  ('PO-ERP-2017', 'P050', 'S5', 236, 'Closed', '2026-03-05', now()),
  ('PO-ERP-2018', 'P050', 'S5', 318, 'Closed', '2026-03-20', now()),
  ('PO-ERP-2019', 'P051', 'S7', 3214, 'QC_Hold', '2026-02-19', now()),
  ('PO-ERP-2020', 'P052', 'S3', 3530, 'Closed', '2026-02-19', now()),
  ('PO-ERP-2021', 'P052', 'S3', 610, 'Open', '2026-03-27', now()),
  ('PO-ERP-2022', 'P053', 'S6', 3865, 'Closed', '2026-03-16', now()),
  ('PO-ERP-2023', 'P053', 'S6', 1675, 'Closed', '2026-02-25', now()),
  ('PO-ERP-2024', 'P054', 'S7', 4030, 'QC_Hold', '2026-03-04', now()),
  ('PO-ERP-2025', 'P054', 'S10', 4549, 'Closed', '2026-03-06', now()),
  ('PO-ERP-2026', 'P055', 'S6', 3723, 'Closed', '2026-03-23', now()),
  ('PO-ERP-2027', 'P056', 'S4', 994, 'QC_Hold', '2026-03-21', now()),
  ('PO-ERP-2028', 'P056', 'S6', 4450, 'QC_Hold', '2026-02-24', now()),
  ('PO-ERP-2029', 'P057', 'S10', 1226, 'QC_Hold', '2026-02-10', now()),
  ('PO-ERP-2030', 'P057', 'S3', 4011, 'Open', '2026-03-23', now()),
  ('PO-ERP-2031', 'P058', 'S3', 4483, 'QC_Hold', '2026-03-29', now()),
  ('PO-ERP-2032', 'P059', 'S3', 4158, 'QC_Hold', '2026-02-21', now()),
  ('PO-ERP-2033', 'P060', 'S4', 2431, 'QC_Hold', '2026-03-11', now()),
  ('PO-ERP-2034', 'P061', 'S7', 1431, 'Closed', '2026-03-28', now()),
  ('PO-ERP-2035', 'P062', 'S8', 3421, 'QC_Hold', '2026-03-09', now()),
  ('PO-ERP-2036', 'P063', 'S10', 2132, 'Closed', '2026-02-10', now()),
  ('PO-ERP-2037', 'P063', 'S10', 2800, 'QC_Hold', '2026-03-01', now()),
  ('PO-ERP-2038', 'P064', 'S7', 3912, 'Open', '2026-03-01', now()),
  ('PO-ERP-2039', 'P065', 'S5', 1909, 'Open', '2026-02-24', now()),
  ('PO-ERP-2040', 'P065', 'S5', 3506, 'QC_Hold', '2026-03-26', now()),
  ('PO-ERP-2041', 'P066', 'S6', 3759, 'QC_Hold', '2026-03-15', now()),
  ('PO-ERP-2042', 'P067', 'S10', 1447, 'QC_Hold', '2026-03-02', now()),
  ('PO-ERP-2043', 'P068', 'S2', 4280, 'Open', '2026-03-10', now()),
  ('PO-ERP-2044', 'P068', 'S2', 3842, 'Open', '2026-03-18', now()),
  ('PO-ERP-2045', 'P069', 'S6', 4837, 'Open', '2026-02-14', now()),
  ('PO-ERP-2046', 'P070', 'S7', 359, 'Closed', '2026-02-28', now()),
  ('PO-ERP-2047', 'P071', 'S9', 3192, 'Open', '2026-03-06', now()),
  ('PO-ERP-2048', 'P071', 'S1', 4501, 'QC_Hold', '2026-03-07', now()),
  ('PO-ERP-2049', 'P072', 'S7', 3207, 'Open', '2026-02-24', now()),
  ('PO-ERP-2050', 'P072', 'S6', 1644, 'Open', '2026-03-28', now()),
  ('PO-ERP-2051', 'P073', 'S6', 4965, 'Closed', '2026-02-12', now()),
  ('PO-ERP-2052', 'P074', 'S6', 562, 'QC_Hold', '2026-02-18', now()),
  ('PO-ERP-2053', 'P075', 'S3', 2572, 'QC_Hold', '2026-02-19', now()),
  ('PO-ERP-2054', 'P075', 'S4', 599, 'QC_Hold', '2026-03-17', now()),
  ('PO-ERP-2055', 'P076', 'S7', 2711, 'Closed', '2026-03-26', now()),
  ('PO-ERP-2056', 'P076', 'S5', 1606, 'QC_Hold', '2026-03-30', now()),
  ('PO-ERP-2057', 'P077', 'S4', 572, 'Closed', '2026-03-17', now()),
  ('PO-ERP-2058', 'P078', 'S8', 747, 'Closed', '2026-03-10', now()),
  ('PO-ERP-2059', 'P078', 'S6', 3189, 'QC_Hold', '2026-03-25', now()),
  ('PO-ERP-2060', 'P079', 'S9', 1811, 'Closed', '2026-03-03', now()),
  ('PO-ERP-2061', 'P080', 'S3', 1775, 'Open', '2026-03-07', now()),
  ('PO-ERP-2062', 'P080', 'S2', 4471, 'Closed', '2026-03-23', now()),
  ('PO-ERP-2063', 'P081', 'S6', 3946, 'Closed', '2026-03-30', now()),
  ('PO-ERP-2064', 'P081', 'S2', 474, 'Open', '2026-03-18', now()),
  ('PO-ERP-2065', 'P082', 'S3', 1348, 'Closed', '2026-02-22', now()),
  ('PO-ERP-2066', 'P082', 'S3', 4190, 'QC_Hold', '2026-03-17', now()),
  ('PO-ERP-2067', 'P083', 'S4', 1246, 'QC_Hold', '2026-03-28', now()),
  ('PO-ERP-2068', 'P083', 'S4', 4392, 'Open', '2026-02-12', now()),
  ('PO-ERP-2069', 'P084', 'S2', 1337, 'Open', '2026-02-10', now()),
  ('PO-ERP-2070', 'P085', 'S10', 4096, 'Open', '2026-02-11', now()),
  ('PO-ERP-2071', 'P085', 'S10', 2350, 'Closed', '2026-03-16', now()),
  ('PO-ERP-2072', 'P086', 'S1', 1672, 'QC_Hold', '2026-03-21', now()),
  ('PO-ERP-2073', 'P087', 'S8', 4728, 'QC_Hold', '2026-02-25', now()),
  ('PO-ERP-2074', 'P087', 'S9', 359, 'Closed', '2026-02-15', now()),
  ('PO-ERP-2075', 'P088', 'S8', 777, 'Closed', '2026-03-13', now()),
  ('PO-ERP-2076', 'P089', 'S10', 481, 'QC_Hold', '2026-02-14', now()),
  ('PO-ERP-2077', 'P089', 'S10', 228, 'QC_Hold', '2026-02-23', now()),
  ('PO-ERP-2078', 'P090', 'S9', 4528, 'Closed', '2026-03-03', now()),
  ('PO-ERP-2079', 'P091', 'S8', 722, 'QC_Hold', '2026-03-03', now()),
  ('PO-ERP-2080', 'P091', 'S10', 2339, 'Closed', '2026-04-01', now()),
  ('PO-ERP-2081', 'P092', 'S5', 4899, 'Closed', '2026-03-24', now()),
  ('PO-ERP-2082', 'P092', 'S5', 772, 'Open', '2026-02-27', now()),
  ('PO-ERP-2083', 'P093', 'S8', 142, 'Closed', '2026-03-01', now()),
  ('PO-ERP-2084', 'P094', 'S5', 4662, 'QC_Hold', '2026-03-17', now()),
  ('PO-ERP-2085', 'P094', 'S4', 2999, 'Open', '2026-03-17', now()),
  ('PO-ERP-2086', 'P095', 'S9', 4683, 'QC_Hold', '2026-02-25', now()),
  ('PO-ERP-2087', 'P096', 'S4', 1295, 'Open', '2026-02-14', now()),
  ('PO-ERP-2088', 'P096', 'S4', 4066, 'Open', '2026-04-01', now()),
  ('PO-ERP-2089', 'P097', 'S6', 976, 'Closed', '2026-02-18', now()),
  ('PO-ERP-2090', 'P098', 'S4', 2842, 'QC_Hold', '2026-03-09', now()),
  ('PO-ERP-2091', 'P098', 'S1', 4024, 'Open', '2026-03-02', now()),
  ('PO-ERP-2092', 'P099', 'S1', 3180, 'Closed', '2026-02-27', now()),
  ('PO-ERP-2093', 'P100', 'S1', 4606, 'QC_Hold', '2026-02-11', now()),
  ('PO-ERP-2094', 'P101', 'S9', 4190, 'QC_Hold', '2026-02-18', now()),
  ('PO-ERP-2095', 'P102', 'S10', 3778, 'Closed', '2026-03-20', now()),
  ('PO-ERP-2096', 'P102', 'S10', 3045, 'QC_Hold', '2026-03-26', now()),
  ('PO-ERP-2097', 'P103', 'S7', 2816, 'Closed', '2026-04-01', now()),
  ('PO-ERP-2098', 'P104', 'S8', 4349, 'QC_Hold', '2026-03-17', now()),
  ('PO-ERP-2099', 'P105', 'S7', 301, 'Open', '2026-03-12', now()),
  ('PO-ERP-2100', 'P106', 'S2', 2655, 'Closed', '2026-03-03', now()),
  ('PO-ERP-2101', 'P107', 'S1', 650, 'Open', '2026-03-01', now()),
  ('PO-ERP-2102', 'P107', 'S1', 1446, 'Open', '2026-03-29', now()),
  ('PO-ERP-2103', 'P108', 'S6', 3418, 'Open', '2026-03-22', now()),
  ('PO-ERP-2104', 'P108', 'S6', 1716, 'QC_Hold', '2026-03-10', now()),
  ('PO-ERP-2105', 'P109', 'S7', 4498, 'Closed', '2026-02-21', now()),
  ('PO-ERP-2106', 'P110', 'S2', 4990, 'QC_Hold', '2026-03-06', now()),
  ('PO-ERP-2107', 'P110', 'S2', 3850, 'Open', '2026-03-21', now()),
  ('PO-ERP-2108', 'P111', 'S1', 1058, 'Closed', '2026-02-21', now()),
  ('PO-ERP-2109', 'P112', 'S1', 4086, 'QC_Hold', '2026-03-22', now()),
  ('PO-ERP-2110', 'P112', 'S10', 1249, 'Closed', '2026-02-21', now()),
  ('PO-ERP-2111', 'P113', 'S4', 4700, 'QC_Hold', '2026-03-14', now()),
  ('PO-ERP-2112', 'P114', 'S8', 1470, 'QC_Hold', '2026-02-15', now()),
  ('PO-ERP-2113', 'P114', 'S4', 2351, 'QC_Hold', '2026-02-24', now()),
  ('PO-ERP-2114', 'P115', 'S3', 4284, 'QC_Hold', '2026-02-17', now()),
  ('PO-ERP-2115', 'P115', 'S2', 4540, 'Open', '2026-03-30', now()),
  ('PO-ERP-2116', 'P116', 'S5', 364, 'Closed', '2026-03-10', now()),
  ('PO-ERP-2117', 'P117', 'S7', 4916, 'Closed', '2026-03-26', now()),
  ('PO-ERP-2118', 'P118', 'S4', 4770, 'QC_Hold', '2026-03-04', now()),
  ('PO-ERP-2119', 'P119', 'S10', 1210, 'Closed', '2026-03-30', now()),
  ('PO-ERP-2120', 'P119', 'S10', 1187, 'Open', '2026-02-25', now()),
  ('PO-ERP-2121', 'P120', 'S6', 3173, 'Open', '2026-03-10', now()),
  ('PO-ERP-2122', 'P120', 'S6', 3123, 'Closed', '2026-03-11', now()),
  ('PO-ERP-2123', 'P121', 'S2', 618, 'QC_Hold', '2026-04-01', now()),
  ('PO-ERP-2124', 'P121', 'S6', 4152, 'Closed', '2026-02-27', now()),
  ('PO-ERP-2125', 'P122', 'S1', 476, 'QC_Hold', '2026-02-16', now()),
  ('PO-ERP-2126', 'P122', 'S1', 3715, 'Open', '2026-03-11', now()),
  ('PO-ERP-2127', 'P123', 'S7', 2344, 'QC_Hold', '2026-02-15', now()),
  ('PO-ERP-2128', 'P123', 'S7', 1455, 'Closed', '2026-02-13', now()),
  ('PO-ERP-2129', 'P124', 'S8', 4006, 'Open', '2026-02-14', now()),
  ('PO-ERP-2130', 'P125', 'S9', 1182, 'Open', '2026-03-12', now()),
  ('PO-ERP-2131', 'P126', 'S5', 1223, 'Open', '2026-03-06', now()),
  ('PO-ERP-2132', 'P126', 'S6', 169, 'QC_Hold', '2026-03-21', now()),
  ('PO-ERP-2133', 'P127', 'S5', 3724, 'Open', '2026-02-23', now()),
  ('PO-ERP-2134', 'P128', 'S8', 2676, 'Open', '2026-04-01', now()),
  ('PO-ERP-2135', 'P128', 'S8', 2132, 'QC_Hold', '2026-03-17', now()),
  ('PO-ERP-2136', 'P129', 'S1', 3309, 'QC_Hold', '2026-02-28', now()),
  ('PO-ERP-2137', 'P130', 'S8', 4427, 'Closed', '2026-02-10', now()),
  ('PO-ERP-2138', 'P130', 'S8', 3093, 'QC_Hold', '2026-03-16', now()),
  ('PO-ERP-2139', 'P131', 'S6', 1867, 'Open', '2026-02-12', now()),
  ('PO-ERP-2140', 'P132', 'S1', 3395, 'QC_Hold', '2026-02-15', now()),
  ('PO-ERP-2141', 'P132', 'S9', 747, 'Open', '2026-03-14', now()),
  ('PO-ERP-2142', 'P133', 'S7', 3683, 'Open', '2026-03-28', now()),
  ('PO-ERP-2143', 'P134', 'S8', 1538, 'Open', '2026-02-17', now()),
  ('PO-ERP-2144', 'P135', 'S5', 3146, 'QC_Hold', '2026-02-18', now()),
  ('PO-ERP-2145', 'P135', 'S5', 3617, 'QC_Hold', '2026-02-27', now()),
  ('PO-ERP-2146', 'P136', 'S5', 4284, 'Open', '2026-03-05', now()),
  ('PO-ERP-2147', 'P136', 'S4', 2189, 'Open', '2026-03-31', now()),
  ('PO-ERP-2148', 'P137', 'S8', 476, 'Closed', '2026-03-12', now()),
  ('PO-ERP-2149', 'P138', 'S9', 2736, 'Closed', '2026-02-25', now()),
  ('PO-ERP-2150', 'P138', 'S6', 1078, 'QC_Hold', '2026-03-14', now()),
  ('PO-ERP-2151', 'P139', 'S10', 2412, 'Closed', '2026-03-31', now()),
  ('PO-ERP-2152', 'P140', 'S4', 4718, 'Closed', '2026-04-01', now()),
  ('PO-ERP-2153', 'P141', 'S9', 1333, 'Closed', '2026-02-10', now()),
  ('PO-ERP-2154', 'P142', 'S4', 111, 'QC_Hold', '2026-03-30', now()),
  ('PO-ERP-2155', 'P143', 'S9', 590, 'QC_Hold', '2026-02-19', now()),
  ('PO-ERP-2156', 'P143', 'S10', 4357, 'QC_Hold', '2026-03-08', now()),
  ('PO-ERP-2157', 'P144', 'S6', 713, 'QC_Hold', '2026-03-19', now()),
  ('PO-ERP-2158', 'P145', 'S9', 3319, 'QC_Hold', '2026-03-26', now()),
  ('PO-ERP-2159', 'P145', 'S9', 2013, 'Open', '2026-02-14', now()),
  ('PO-ERP-2160', 'P146', 'S10', 3430, 'QC_Hold', '2026-02-17', now()),
  ('PO-ERP-2161', 'P146', 'S10', 3895, 'Open', '2026-02-26', now()),
  ('PO-ERP-2162', 'P147', 'S3', 2785, 'Open', '2026-02-19', now()),
  ('PO-ERP-2163', 'P148', 'S10', 1524, 'Closed', '2026-02-11', now()),
  ('PO-ERP-2164', 'P148', 'S10', 934, 'Open', '2026-04-01', now()),
  ('PO-ERP-2165', 'P149', 'S1', 788, 'QC_Hold', '2026-03-19', now()),
  ('PO-ERP-2166', 'P149', 'S1', 1719, 'Closed', '2026-03-23', now()),
  ('PO-ERP-2167', 'P150', 'S2', 4801, 'QC_Hold', '2026-03-09', now()),
  ('PO-ERP-2168', 'P151', 'S10', 1858, 'Closed', '2026-02-21', now()),
  ('PO-ERP-2169', 'P152', 'S9', 2517, 'Closed', '2026-03-13', now()),
  ('PO-ERP-2170', 'P153', 'S4', 4407, 'QC_Hold', '2026-02-25', now()),
  ('PO-ERP-2171', 'P153', 'S4', 4029, 'Closed', '2026-03-16', now()),
  ('PO-ERP-2172', 'P154', 'S10', 1894, 'Closed', '2026-02-11', now()),
  ('PO-ERP-2173', 'P154', 'S4', 4884, 'Open', '2026-02-24', now()),
  ('PO-ERP-2174', 'P155', 'S7', 4816, 'Closed', '2026-03-06', now()),
  ('PO-ERP-2175', 'P156', 'S4', 2980, 'QC_Hold', '2026-03-18', now()),
  ('PO-ERP-2176', 'P156', 'S4', 1538, 'Open', '2026-03-13', now()),
  ('PO-ERP-2177', 'P157', 'S2', 2817, 'Open', '2026-03-21', now()),
  ('PO-ERP-2178', 'P157', 'S2', 2750, 'Open', '2026-02-13', now()),
  ('PO-ERP-2179', 'P158', 'S1', 3340, 'Open', '2026-03-19', now()),
  ('PO-ERP-2180', 'P159', 'S8', 2699, 'QC_Hold', '2026-02-21', now()),
  ('PO-ERP-2181', 'P159', 'S10', 3199, 'QC_Hold', '2026-03-01', now()),
  ('PO-ERP-2182', 'P160', 'S5', 1591, 'Closed', '2026-03-20', now()),
  ('PO-ERP-2183', 'P160', 'S5', 2812, 'Open', '2026-03-29', now()),
  ('PO-ERP-2184', 'P161', 'S2', 3758, 'Closed', '2026-02-10', now()),
  ('PO-ERP-2185', 'P162', 'S10', 494, 'Closed', '2026-03-06', now()),
  ('PO-ERP-2186', 'P163', 'S5', 3174, 'Closed', '2026-02-16', now()),
  ('PO-ERP-2187', 'P163', 'S4', 373, 'Open', '2026-02-28', now()),
  ('PO-ERP-2188', 'P164', 'S3', 714, 'Open', '2026-03-17', now()),
  ('PO-ERP-2189', 'P164', 'S3', 3633, 'Open', '2026-03-23', now()),
  ('PO-ERP-2190', 'P165', 'S5', 4639, 'QC_Hold', '2026-03-28', now()),
  ('PO-ERP-2191', 'P166', 'S7', 1358, 'Closed', '2026-02-13', now()),
  ('PO-ERP-2192', 'P166', 'S7', 4034, 'Open', '2026-02-22', now()),
  ('PO-ERP-2193', 'P167', 'S10', 3356, 'Closed', '2026-03-12', now()),
  ('PO-ERP-2194', 'P168', 'S5', 3126, 'Closed', '2026-02-21', now()),
  ('PO-ERP-2195', 'P168', 'S5', 2257, 'Closed', '2026-02-24', now()),
  ('PO-ERP-2196', 'P169', 'S5', 3491, 'QC_Hold', '2026-03-30', now()),
  ('PO-ERP-2197', 'P169', 'S5', 3529, 'QC_Hold', '2026-03-16', now()),
  ('PO-ERP-2198', 'P170', 'S8', 1085, 'Closed', '2026-03-30', now()),
  ('PO-ERP-2199', 'P171', 'S8', 3666, 'QC_Hold', '2026-02-22', now()),
  ('PO-ERP-2200', 'P171', 'S3', 648, 'Closed', '2026-02-15', now()),
  ('PO-ERP-2201', 'P172', 'S8', 1021, 'Open', '2026-03-08', now()),
  ('PO-ERP-2202', 'P173', 'S2', 3466, 'Closed', '2026-02-26', now()),
  ('PO-ERP-2203', 'P173', 'S6', 2356, 'Open', '2026-03-07', now()),
  ('PO-ERP-2204', 'P174', 'S8', 2300, 'Open', '2026-03-05', now()),
  ('PO-ERP-2205', 'P175', 'S9', 1200, 'QC_Hold', '2026-03-01', now()),
  ('PO-ERP-2206', 'P176', 'S5', 3718, 'Closed', '2026-02-23', now()),
  ('PO-ERP-2207', 'P177', 'S1', 4251, 'Open', '2026-03-07', now()),
  ('PO-ERP-2208', 'P178', 'S8', 3839, 'Closed', '2026-02-13', now()),
  ('PO-ERP-2209', 'P179', 'S1', 350, 'Closed', '2026-02-25', now()),
  ('PO-ERP-2210', 'P180', 'S5', 1439, 'QC_Hold', '2026-02-26', now()),
  ('PO-ERP-2211', 'P180', 'S5', 506, 'QC_Hold', '2026-02-20', now()),
  ('PO-ERP-2212', 'P181', 'S1', 3454, 'Open', '2026-03-14', now()),
  ('PO-ERP-2213', 'P181', 'S1', 1518, 'Open', '2026-03-20', now()),
  ('PO-ERP-2214', 'P182', 'S3', 3184, 'Closed', '2026-03-04', now()),
  ('PO-ERP-2215', 'P182', 'S3', 4365, 'Closed', '2026-03-21', now()),
  ('PO-ERP-2216', 'P183', 'S9', 985, 'Open', '2026-03-12', now()),
  ('PO-ERP-2217', 'P183', 'S9', 2368, 'QC_Hold', '2026-02-26', now()),
  ('PO-ERP-2218', 'P184', 'S8', 2718, 'Open', '2026-03-25', now()),
  ('PO-ERP-2219', 'P185', 'S8', 389, 'QC_Hold', '2026-03-19', now()),
  ('PO-ERP-2220', 'P185', 'S5', 1921, 'QC_Hold', '2026-03-25', now()),
  ('PO-ERP-2221', 'P186', 'S10', 899, 'Open', '2026-03-12', now()),
  ('PO-ERP-2222', 'P187', 'S7', 1929, 'Closed', '2026-03-29', now()),
  ('PO-ERP-2223', 'P188', 'S2', 3954, 'QC_Hold', '2026-02-13', now()),
  ('PO-ERP-2224', 'P188', 'S2', 3226, 'Closed', '2026-03-15', now()),
  ('PO-ERP-2225', 'P189', 'S9', 1273, 'QC_Hold', '2026-03-02', now()),
  ('PO-ERP-2226', 'P189', 'S9', 1548, 'QC_Hold', '2026-03-02', now()),
  ('PO-ERP-2227', 'P190', 'S5', 4110, 'Open', '2026-04-01', now()),
  ('PO-ERP-2228', 'P191', 'S8', 138, 'QC_Hold', '2026-02-12', now()),
  ('PO-ERP-2229', 'P191', 'S8', 4450, 'Open', '2026-02-22', now()),
  ('PO-ERP-2230', 'P192', 'S8', 4223, 'Closed', '2026-03-19', now()),
  ('PO-ERP-2231', 'P193', 'S8', 4362, 'QC_Hold', '2026-03-20', now()),
  ('PO-ERP-2232', 'P193', 'S9', 2907, 'Closed', '2026-03-13', now()),
  ('PO-ERP-2233', 'P194', 'S4', 279, 'QC_Hold', '2026-03-19', now()),
  ('PO-ERP-2234', 'P195', 'S6', 4965, 'QC_Hold', '2026-02-13', now()),
  ('PO-ERP-2235', 'P195', 'S6', 3514, 'Closed', '2026-03-10', now()),
  ('PO-ERP-2236', 'P196', 'S10', 3547, 'Open', '2026-03-24', now()),
  ('PO-ERP-2237', 'P197', 'S8', 1033, 'Open', '2026-04-01', now()),
  ('PO-ERP-2238', 'P198', 'S8', 3456, 'Open', '2026-02-28', now()),
  ('PO-ERP-2239', 'P199', 'S1', 829, 'QC_Hold', '2026-02-17', now()),
  ('PO-ERP-2240', 'P200', 'S8', 1993, 'Closed', '2026-03-11', now()),
  ('PO-ERP-2241', 'P200', 'S3', 1531, 'Closed', '2026-02-12', now())
ON CONFLICT DO NOTHING;

INSERT INTO shipments(shipment_id, po_id, mode, status, eta, updated_at) VALUES
  ('SHIP-3001', 'PO-ERP-2001', 'Ocean', 'InTransit', '2026-03-18', now()),
  ('SHIP-3002', 'PO-ERP-2002', 'Truck', 'Delayed', '2026-03-16', now()),
  ('SHIP-3003', 'PO-ERP-2003', 'Ocean', 'Arrived', '2026-02-17', now()),
  ('SHIP-3004', 'PO-ERP-2004', 'Truck', 'Arrived', '2026-03-13', now()),
  ('SHIP-3005', 'PO-ERP-2005', 'Ocean', 'Delayed', '2026-03-31', now()),
  ('SHIP-3006', 'PO-ERP-2006', 'Air', 'Arrived', '2026-02-27', now()),
  ('SHIP-3007', 'PO-ERP-2007', 'Truck', 'Arrived', '2026-02-21', now()),
  ('SHIP-3008', 'PO-ERP-2008', 'Truck', 'Customs', '2026-03-11', now()),
  ('SHIP-3009', 'PO-ERP-2009', 'Ocean', 'InTransit', '2026-03-21', now()),
  ('SHIP-3010', 'PO-ERP-2010', 'Rail', 'Delayed', '2026-03-27', now()),
  ('SHIP-3011', 'PO-ERP-2011', 'Rail', 'Delayed', '2026-03-28', now()),
  ('SHIP-3012', 'PO-ERP-2012', 'Air', 'Delayed', '2026-03-22', now()),
  ('SHIP-3013', 'PO-ERP-2013', 'Rail', 'Delayed', '2026-02-20', now()),
  ('SHIP-3014', 'PO-ERP-2014', 'Rail', 'InTransit', '2026-02-22', now()),
  ('SHIP-3015', 'PO-ERP-2015', 'Air', 'Delayed', '2026-03-24', now()),
  ('SHIP-3016', 'PO-ERP-2016', 'Truck', 'Delayed', '2026-03-11', now()),
  ('SHIP-3017', 'PO-ERP-2017', 'Ocean', 'Customs', '2026-03-09', now()),
  ('SHIP-3018', 'PO-ERP-2018', 'Truck', 'Arrived', '2026-03-25', now()),
  ('SHIP-3019', 'PO-ERP-2019', 'Air', 'InTransit', '2026-02-23', now()),
  ('SHIP-3020', 'PO-ERP-2020', 'Air', 'Customs', '2026-02-23', now()),
  ('SHIP-3021', 'PO-ERP-2021', 'Air', 'Delayed', '2026-04-01', now()),
  ('SHIP-3022', 'PO-ERP-2022', 'Truck', 'Delayed', '2026-03-20', now()),
  ('SHIP-3023', 'PO-ERP-2023', 'Truck', 'Arrived', '2026-02-27', now()),
  ('SHIP-3024', 'PO-ERP-2024', 'Truck', 'Delayed', '2026-03-04', now()),
  ('SHIP-3025', 'PO-ERP-2025', 'Truck', 'Arrived', '2026-03-08', now()),
  ('SHIP-3026', 'PO-ERP-2026', 'Rail', 'Arrived', '2026-03-24', now()),
  ('SHIP-3027', 'PO-ERP-2027', 'Air', 'Arrived', '2026-03-21', now()),
  ('SHIP-3028', 'PO-ERP-2028', 'Air', 'InTransit', '2026-02-24', now()),
  ('SHIP-3029', 'PO-ERP-2029', 'Air', 'Customs', '2026-02-15', now()),
  ('SHIP-3030', 'PO-ERP-2030', 'Truck', 'Delayed', '2026-03-25', now()),
  ('SHIP-3031', 'PO-ERP-2031', 'Ocean', 'Arrived', '2026-04-01', now()),
  ('SHIP-3032', 'PO-ERP-2032', 'Truck', 'InTransit', '2026-02-21', now()),
  ('SHIP-3033', 'PO-ERP-2033', 'Rail', 'Arrived', '2026-03-15', now()),
  ('SHIP-3034', 'PO-ERP-2034', 'Truck', 'Arrived', '2026-03-28', now()),
  ('SHIP-3035', 'PO-ERP-2035', 'Truck', 'InTransit', '2026-03-12', now()),
  ('SHIP-3036', 'PO-ERP-2036', 'Rail', 'Arrived', '2026-02-13', now()),
  ('SHIP-3037', 'PO-ERP-2037', 'Ocean', 'Delayed', '2026-03-06', now()),
  ('SHIP-3038', 'PO-ERP-2038', 'Rail', 'Delayed', '2026-03-06', now()),
  ('SHIP-3039', 'PO-ERP-2039', 'Rail', 'Arrived', '2026-02-27', now()),
  ('SHIP-3040', 'PO-ERP-2040', 'Rail', 'Arrived', '2026-03-27', now()),
  ('SHIP-3041', 'PO-ERP-2041', 'Truck', 'InTransit', '2026-03-19', now()),
  ('SHIP-3042', 'PO-ERP-2042', 'Rail', 'InTransit', '2026-03-07', now()),
  ('SHIP-3043', 'PO-ERP-2043', 'Rail', 'Arrived', '2026-03-14', now()),
  ('SHIP-3044', 'PO-ERP-2044', 'Rail', 'Delayed', '2026-03-23', now()),
  ('SHIP-3045', 'PO-ERP-2045', 'Rail', 'Delayed', '2026-02-19', now()),
  ('SHIP-3046', 'PO-ERP-2046', 'Air', 'Arrived', '2026-03-05', now()),
  ('SHIP-3047', 'PO-ERP-2047', 'Air', 'Delayed', '2026-03-06', now()),
  ('SHIP-3048', 'PO-ERP-2048', 'Air', 'Arrived', '2026-03-07', now()),
  ('SHIP-3049', 'PO-ERP-2049', 'Rail', 'Delayed', '2026-02-25', now()),
  ('SHIP-3050', 'PO-ERP-2050', 'Ocean', 'Customs', '2026-04-01', now()),
  ('SHIP-3051', 'PO-ERP-2051', 'Ocean', 'Arrived', '2026-02-17', now()),
  ('SHIP-3052', 'PO-ERP-2052', 'Truck', 'Arrived', '2026-02-23', now()),
  ('SHIP-3053', 'PO-ERP-2053', 'Air', 'Customs', '2026-02-21', now()),
  ('SHIP-3054', 'PO-ERP-2054', 'Air', 'Customs', '2026-03-21', now()),
  ('SHIP-3055', 'PO-ERP-2055', 'Rail', 'Arrived', '2026-03-28', now()),
  ('SHIP-3056', 'PO-ERP-2056', 'Rail', 'Arrived', '2026-03-31', now()),
  ('SHIP-3057', 'PO-ERP-2057', 'Rail', 'Arrived', '2026-03-20', now()),
  ('SHIP-3058', 'PO-ERP-2058', 'Ocean', 'Arrived', '2026-03-10', now()),
  ('SHIP-3059', 'PO-ERP-2059', 'Ocean', 'InTransit', '2026-03-26', now()),
  ('SHIP-3060', 'PO-ERP-2060', 'Ocean', 'Arrived', '2026-03-04', now()),
  ('SHIP-3061', 'PO-ERP-2061', 'Truck', 'Delayed', '2026-03-10', now()),
  ('SHIP-3062', 'PO-ERP-2062', 'Truck', 'Delayed', '2026-03-25', now()),
  ('SHIP-3063', 'PO-ERP-2063', 'Air', 'Delayed', '2026-04-01', now()),
  ('SHIP-3064', 'PO-ERP-2064', 'Air', 'InTransit', '2026-03-20', now()),
  ('SHIP-3065', 'PO-ERP-2065', 'Air', 'Customs', '2026-02-26', now()),
  ('SHIP-3066', 'PO-ERP-2066', 'Truck', 'Delayed', '2026-03-20', now()),
  ('SHIP-3067', 'PO-ERP-2067', 'Rail', 'Arrived', '2026-04-01', now()),
  ('SHIP-3068', 'PO-ERP-2068', 'Ocean', 'InTransit', '2026-02-15', now()),
  ('SHIP-3069', 'PO-ERP-2069', 'Rail', 'Delayed', '2026-02-10', now()),
  ('SHIP-3070', 'PO-ERP-2070', 'Rail', 'InTransit', '2026-02-11', now()),
  ('SHIP-3071', 'PO-ERP-2071', 'Ocean', 'Customs', '2026-03-17', now()),
  ('SHIP-3072', 'PO-ERP-2072', 'Truck', 'Delayed', '2026-03-23', now()),
  ('SHIP-3073', 'PO-ERP-2073', 'Air', 'Delayed', '2026-03-02', now()),
  ('SHIP-3074', 'PO-ERP-2074', 'Rail', 'Customs', '2026-02-19', now()),
  ('SHIP-3075', 'PO-ERP-2075', 'Truck', 'InTransit', '2026-03-17', now()),
  ('SHIP-3076', 'PO-ERP-2076', 'Truck', 'InTransit', '2026-02-15', now()),
  ('SHIP-3077', 'PO-ERP-2077', 'Air', 'Customs', '2026-02-23', now()),
  ('SHIP-3078', 'PO-ERP-2078', 'Air', 'InTransit', '2026-03-07', now()),
  ('SHIP-3079', 'PO-ERP-2079', 'Rail', 'Delayed', '2026-03-03', now()),
  ('SHIP-3080', 'PO-ERP-2080', 'Rail', 'Arrived', '2026-04-03', now()),
  ('SHIP-3081', 'PO-ERP-2081', 'Ocean', 'Delayed', '2026-03-25', now()),
  ('SHIP-3082', 'PO-ERP-2082', 'Rail', 'Arrived', '2026-03-04', now()),
  ('SHIP-3083', 'PO-ERP-2083', 'Truck', 'Delayed', '2026-03-01', now()),
  ('SHIP-3084', 'PO-ERP-2084', 'Rail', 'InTransit', '2026-03-17', now()),
  ('SHIP-3085', 'PO-ERP-2085', 'Truck', 'Customs', '2026-03-17', now()),
  ('SHIP-3086', 'PO-ERP-2086', 'Air', 'Customs', '2026-02-26', now()),
  ('SHIP-3087', 'PO-ERP-2087', 'Rail', 'Delayed', '2026-02-17', now()),
  ('SHIP-3088', 'PO-ERP-2088', 'Truck', 'Delayed', '2026-04-02', now()),
  ('SHIP-3089', 'PO-ERP-2089', 'Ocean', 'Customs', '2026-02-20', now()),
  ('SHIP-3090', 'PO-ERP-2090', 'Air', 'Delayed', '2026-03-11', now()),
  ('SHIP-3091', 'PO-ERP-2091', 'Rail', 'Delayed', '2026-03-04', now()),
  ('SHIP-3092', 'PO-ERP-2092', 'Truck', 'InTransit', '2026-03-03', now()),
  ('SHIP-3093', 'PO-ERP-2093', 'Rail', 'Arrived', '2026-02-14', now()),
  ('SHIP-3094', 'PO-ERP-2094', 'Truck', 'Arrived', '2026-02-20', now()),
  ('SHIP-3095', 'PO-ERP-2095', 'Rail', 'Customs', '2026-03-24', now()),
  ('SHIP-3096', 'PO-ERP-2096', 'Ocean', 'InTransit', '2026-03-27', now()),
  ('SHIP-3097', 'PO-ERP-2097', 'Ocean', 'InTransit', '2026-04-01', now()),
  ('SHIP-3098', 'PO-ERP-2098', 'Air', 'Customs', '2026-03-19', now()),
  ('SHIP-3099', 'PO-ERP-2099', 'Truck', 'Customs', '2026-03-12', now()),
  ('SHIP-3100', 'PO-ERP-2100', 'Air', 'Customs', '2026-03-05', now()),
  ('SHIP-3101', 'PO-ERP-2101', 'Ocean', 'InTransit', '2026-03-03', now()),
  ('SHIP-3102', 'PO-ERP-2102', 'Air', 'Arrived', '2026-03-31', now()),
  ('SHIP-3103', 'PO-ERP-2103', 'Air', 'Customs', '2026-03-25', now()),
  ('SHIP-3104', 'PO-ERP-2104', 'Rail', 'Customs', '2026-03-10', now()),
  ('SHIP-3105', 'PO-ERP-2105', 'Truck', 'Arrived', '2026-02-24', now()),
  ('SHIP-3106', 'PO-ERP-2106', 'Rail', 'InTransit', '2026-03-08', now()),
  ('SHIP-3107', 'PO-ERP-2107', 'Truck', 'InTransit', '2026-03-26', now()),
  ('SHIP-3108', 'PO-ERP-2108', 'Air', 'Customs', '2026-02-24', now()),
  ('SHIP-3109', 'PO-ERP-2109', 'Air', 'Arrived', '2026-03-25', now()),
  ('SHIP-3110', 'PO-ERP-2110', 'Rail', 'InTransit', '2026-02-23', now()),
  ('SHIP-3111', 'PO-ERP-2111', 'Rail', 'Customs', '2026-03-19', now()),
  ('SHIP-3112', 'PO-ERP-2112', 'Ocean', 'Arrived', '2026-02-17', now()),
  ('SHIP-3113', 'PO-ERP-2113', 'Truck', 'Arrived', '2026-02-27', now()),
  ('SHIP-3114', 'PO-ERP-2114', 'Ocean', 'Delayed', '2026-02-21', now()),
  ('SHIP-3115', 'PO-ERP-2115', 'Rail', 'Arrived', '2026-04-02', now()),
  ('SHIP-3116', 'PO-ERP-2116', 'Truck', 'InTransit', '2026-03-13', now()),
  ('SHIP-3117', 'PO-ERP-2117', 'Rail', 'Arrived', '2026-03-30', now()),
  ('SHIP-3118', 'PO-ERP-2118', 'Truck', 'Arrived', '2026-03-06', now()),
  ('SHIP-3119', 'PO-ERP-2119', 'Ocean', 'Delayed', '2026-04-04', now()),
  ('SHIP-3120', 'PO-ERP-2120', 'Truck', 'Arrived', '2026-03-02', now()),
  ('SHIP-3121', 'PO-ERP-2121', 'Ocean', 'Customs', '2026-03-14', now()),
  ('SHIP-3122', 'PO-ERP-2122', 'Truck', 'InTransit', '2026-03-16', now()),
  ('SHIP-3123', 'PO-ERP-2123', 'Rail', 'Arrived', '2026-04-04', now()),
  ('SHIP-3124', 'PO-ERP-2124', 'Truck', 'Delayed', '2026-03-03', now()),
  ('SHIP-3125', 'PO-ERP-2125', 'Rail', 'InTransit', '2026-02-16', now()),
  ('SHIP-3126', 'PO-ERP-2126', 'Rail', 'Arrived', '2026-03-16', now()),
  ('SHIP-3127', 'PO-ERP-2127', 'Truck', 'Delayed', '2026-02-15', now()),
  ('SHIP-3128', 'PO-ERP-2128', 'Truck', 'Arrived', '2026-02-16', now()),
  ('SHIP-3129', 'PO-ERP-2129', 'Air', 'Customs', '2026-02-14', now()),
  ('SHIP-3130', 'PO-ERP-2130', 'Air', 'Customs', '2026-03-12', now()),
  ('SHIP-3131', 'PO-ERP-2131', 'Air', 'InTransit', '2026-03-10', now()),
  ('SHIP-3132', 'PO-ERP-2132', 'Air', 'Customs', '2026-03-23', now()),
  ('SHIP-3133', 'PO-ERP-2133', 'Ocean', 'Arrived', '2026-02-23', now()),
  ('SHIP-3134', 'PO-ERP-2134', 'Air', 'Delayed', '2026-04-06', now()),
  ('SHIP-3135', 'PO-ERP-2135', 'Truck', 'InTransit', '2026-03-22', now()),
  ('SHIP-3136', 'PO-ERP-2136', 'Ocean', 'Arrived', '2026-03-03', now()),
  ('SHIP-3137', 'PO-ERP-2137', 'Truck', 'Arrived', '2026-02-13', now()),
  ('SHIP-3138', 'PO-ERP-2138', 'Air', 'Customs', '2026-03-16', now()),
  ('SHIP-3139', 'PO-ERP-2139', 'Rail', 'Delayed', '2026-02-17', now()),
  ('SHIP-3140', 'PO-ERP-2140', 'Air', 'Delayed', '2026-02-15', now()),
  ('SHIP-3141', 'PO-ERP-2141', 'Air', 'Delayed', '2026-03-17', now()),
  ('SHIP-3142', 'PO-ERP-2142', 'Ocean', 'Arrived', '2026-03-28', now()),
  ('SHIP-3143', 'PO-ERP-2143', 'Air', 'InTransit', '2026-02-18', now()),
  ('SHIP-3144', 'PO-ERP-2144', 'Truck', 'InTransit', '2026-02-18', now()),
  ('SHIP-3145', 'PO-ERP-2145', 'Ocean', 'Delayed', '2026-03-04', now()),
  ('SHIP-3146', 'PO-ERP-2146', 'Rail', 'Arrived', '2026-03-07', now()),
  ('SHIP-3147', 'PO-ERP-2147', 'Ocean', 'Arrived', '2026-04-05', now()),
  ('SHIP-3148', 'PO-ERP-2148', 'Rail', 'Arrived', '2026-03-13', now()),
  ('SHIP-3149', 'PO-ERP-2149', 'Truck', 'Delayed', '2026-02-25', now()),
  ('SHIP-3150', 'PO-ERP-2150', 'Ocean', 'Arrived', '2026-03-15', now()),
  ('SHIP-3151', 'PO-ERP-2151', 'Truck', 'InTransit', '2026-04-04', now()),
  ('SHIP-3152', 'PO-ERP-2152', 'Air', 'Customs', '2026-04-03', now()),
  ('SHIP-3153', 'PO-ERP-2153', 'Ocean', 'Arrived', '2026-02-14', now()),
  ('SHIP-3154', 'PO-ERP-2154', 'Rail', 'Delayed', '2026-03-30', now()),
  ('SHIP-3155', 'PO-ERP-2155', 'Truck', 'InTransit', '2026-02-19', now()),
  ('SHIP-3156', 'PO-ERP-2156', 'Truck', 'Customs', '2026-03-13', now()),
  ('SHIP-3157', 'PO-ERP-2157', 'Ocean', 'Customs', '2026-03-24', now()),
  ('SHIP-3158', 'PO-ERP-2158', 'Truck', 'Delayed', '2026-03-29', now()),
  ('SHIP-3159', 'PO-ERP-2159', 'Air', 'InTransit', '2026-02-15', now()),
  ('SHIP-3160', 'PO-ERP-2160', 'Truck', 'Arrived', '2026-02-20', now()),
  ('SHIP-3161', 'PO-ERP-2161', 'Ocean', 'Arrived', '2026-03-03', now()),
  ('SHIP-3162', 'PO-ERP-2162', 'Air', 'Delayed', '2026-02-22', now()),
  ('SHIP-3163', 'PO-ERP-2163', 'Rail', 'Arrived', '2026-02-11', now()),
  ('SHIP-3164', 'PO-ERP-2164', 'Ocean', 'InTransit', '2026-04-01', now()),
  ('SHIP-3165', 'PO-ERP-2165', 'Truck', 'InTransit', '2026-03-19', now()),
  ('SHIP-3166', 'PO-ERP-2166', 'Air', 'InTransit', '2026-03-25', now()),
  ('SHIP-3167', 'PO-ERP-2167', 'Rail', 'Customs', '2026-03-09', now()),
  ('SHIP-3168', 'PO-ERP-2168', 'Truck', 'Customs', '2026-02-22', now()),
  ('SHIP-3169', 'PO-ERP-2169', 'Rail', 'InTransit', '2026-03-13', now()),
  ('SHIP-3170', 'PO-ERP-2170', 'Ocean', 'Customs', '2026-03-02', now()),
  ('SHIP-3171', 'PO-ERP-2171', 'Truck', 'Delayed', '2026-03-19', now()),
  ('SHIP-3172', 'PO-ERP-2172', 'Ocean', 'Customs', '2026-02-15', now()),
  ('SHIP-3173', 'PO-ERP-2173', 'Ocean', 'Arrived', '2026-03-01', now()),
  ('SHIP-3174', 'PO-ERP-2174', 'Air', 'Arrived', '2026-03-07', now()),
  ('SHIP-3175', 'PO-ERP-2175', 'Air', 'Arrived', '2026-03-21', now()),
  ('SHIP-3176', 'PO-ERP-2176', 'Ocean', 'InTransit', '2026-03-14', now()),
  ('SHIP-3177', 'PO-ERP-2177', 'Air', 'Delayed', '2026-03-26', now()),
  ('SHIP-3178', 'PO-ERP-2178', 'Air', 'Arrived', '2026-02-13', now()),
  ('SHIP-3179', 'PO-ERP-2179', 'Truck', 'Delayed', '2026-03-21', now()),
  ('SHIP-3180', 'PO-ERP-2180', 'Truck', 'Arrived', '2026-02-26', now()),
  ('SHIP-3181', 'PO-ERP-2181', 'Truck', 'Arrived', '2026-03-02', now()),
  ('SHIP-3182', 'PO-ERP-2182', 'Air', 'InTransit', '2026-03-23', now()),
  ('SHIP-3183', 'PO-ERP-2183', 'Air', 'Delayed', '2026-03-31', now()),
  ('SHIP-3184', 'PO-ERP-2184', 'Air', 'Arrived', '2026-02-15', now()),
  ('SHIP-3185', 'PO-ERP-2185', 'Rail', 'Arrived', '2026-03-09', now()),
  ('SHIP-3186', 'PO-ERP-2186', 'Air', 'Arrived', '2026-02-19', now()),
  ('SHIP-3187', 'PO-ERP-2187', 'Truck', 'Delayed', '2026-02-28', now()),
  ('SHIP-3188', 'PO-ERP-2188', 'Truck', 'Customs', '2026-03-22', now()),
  ('SHIP-3189', 'PO-ERP-2189', 'Rail', 'Arrived', '2026-03-23', now()),
  ('SHIP-3190', 'PO-ERP-2190', 'Truck', 'Delayed', '2026-03-30', now()),
  ('SHIP-3191', 'PO-ERP-2191', 'Ocean', 'Customs', '2026-02-13', now()),
  ('SHIP-3192', 'PO-ERP-2192', 'Ocean', 'Arrived', '2026-02-23', now()),
  ('SHIP-3193', 'PO-ERP-2193', 'Truck', 'InTransit', '2026-03-17', now()),
  ('SHIP-3194', 'PO-ERP-2194', 'Ocean', 'Delayed', '2026-02-24', now()),
  ('SHIP-3195', 'PO-ERP-2195', 'Ocean', 'Arrived', '2026-03-01', now()),
  ('SHIP-3196', 'PO-ERP-2196', 'Air', 'InTransit', '2026-04-02', now()),
  ('SHIP-3197', 'PO-ERP-2197', 'Rail', 'Arrived', '2026-03-19', now()),
  ('SHIP-3198', 'PO-ERP-2198', 'Air', 'Arrived', '2026-03-31', now()),
  ('SHIP-3199', 'PO-ERP-2199', 'Air', 'Delayed', '2026-02-24', now()),
  ('SHIP-3200', 'PO-ERP-2200', 'Rail', 'Delayed', '2026-02-17', now()),
  ('SHIP-3201', 'PO-ERP-2201', 'Air', 'InTransit', '2026-03-08', now()),
  ('SHIP-3202', 'PO-ERP-2202', 'Rail', 'Customs', '2026-02-26', now()),
  ('SHIP-3203', 'PO-ERP-2203', 'Rail', 'InTransit', '2026-03-10', now()),
  ('SHIP-3204', 'PO-ERP-2204', 'Truck', 'Delayed', '2026-03-07', now()),
  ('SHIP-3205', 'PO-ERP-2205', 'Rail', 'Delayed', '2026-03-03', now()),
  ('SHIP-3206', 'PO-ERP-2206', 'Rail', 'Delayed', '2026-02-23', now()),
  ('SHIP-3207', 'PO-ERP-2207', 'Ocean', 'Arrived', '2026-03-08', now()),
  ('SHIP-3208', 'PO-ERP-2208', 'Air', 'Delayed', '2026-02-15', now()),
  ('SHIP-3209', 'PO-ERP-2209', 'Rail', 'Customs', '2026-02-26', now()),
  ('SHIP-3210', 'PO-ERP-2210', 'Ocean', 'Delayed', '2026-02-26', now()),
  ('SHIP-3211', 'PO-ERP-2211', 'Air', 'Arrived', '2026-02-25', now()),
  ('SHIP-3212', 'PO-ERP-2212', 'Ocean', 'Customs', '2026-03-15', now()),
  ('SHIP-3213', 'PO-ERP-2213', 'Air', 'Delayed', '2026-03-24', now()),
  ('SHIP-3214', 'PO-ERP-2214', 'Truck', 'Arrived', '2026-03-07', now()),
  ('SHIP-3215', 'PO-ERP-2215', 'Ocean', 'InTransit', '2026-03-25', now()),
  ('SHIP-3216', 'PO-ERP-2216', 'Truck', 'Delayed', '2026-03-17', now()),
  ('SHIP-3217', 'PO-ERP-2217', 'Truck', 'Arrived', '2026-02-27', now()),
  ('SHIP-3218', 'PO-ERP-2218', 'Ocean', 'Customs', '2026-03-27', now()),
  ('SHIP-3219', 'PO-ERP-2219', 'Air', 'Delayed', '2026-03-24', now()),
  ('SHIP-3220', 'PO-ERP-2220', 'Rail', 'Delayed', '2026-03-29', now()),
  ('SHIP-3221', 'PO-ERP-2221', 'Truck', 'Arrived', '2026-03-17', now()),
  ('SHIP-3222', 'PO-ERP-2222', 'Rail', 'Delayed', '2026-03-31', now()),
  ('SHIP-3223', 'PO-ERP-2223', 'Ocean', 'Customs', '2026-02-14', now()),
  ('SHIP-3224', 'PO-ERP-2224', 'Rail', 'InTransit', '2026-03-16', now()),
  ('SHIP-3225', 'PO-ERP-2225', 'Air', 'InTransit', '2026-03-05', now()),
  ('SHIP-3226', 'PO-ERP-2226', 'Ocean', 'InTransit', '2026-03-05', now()),
  ('SHIP-3227', 'PO-ERP-2227', 'Air', 'Customs', '2026-04-06', now()),
  ('SHIP-3228', 'PO-ERP-2228', 'Air', 'Delayed', '2026-02-12', now()),
  ('SHIP-3229', 'PO-ERP-2229', 'Ocean', 'Arrived', '2026-02-23', now()),
  ('SHIP-3230', 'PO-ERP-2230', 'Air', 'InTransit', '2026-03-19', now()),
  ('SHIP-3231', 'PO-ERP-2231', 'Truck', 'Customs', '2026-03-25', now()),
  ('SHIP-3232', 'PO-ERP-2232', 'Air', 'Arrived', '2026-03-16', now()),
  ('SHIP-3233', 'PO-ERP-2233', 'Air', 'InTransit', '2026-03-21', now()),
  ('SHIP-3234', 'PO-ERP-2234', 'Ocean', 'InTransit', '2026-02-13', now()),
  ('SHIP-3235', 'PO-ERP-2235', 'Ocean', 'Delayed', '2026-03-13', now()),
  ('SHIP-3236', 'PO-ERP-2236', 'Truck', 'Arrived', '2026-03-27', now()),
  ('SHIP-3237', 'PO-ERP-2237', 'Rail', 'Arrived', '2026-04-05', now()),
  ('SHIP-3238', 'PO-ERP-2238', 'Ocean', 'Customs', '2026-03-01', now()),
  ('SHIP-3239', 'PO-ERP-2239', 'Rail', 'Arrived', '2026-02-17', now()),
  ('SHIP-3240', 'PO-ERP-2240', 'Truck', 'Customs', '2026-03-11', now()),
  ('SHIP-3241', 'PO-ERP-2241', 'Truck', 'Delayed', '2026-02-15', now())
ON CONFLICT DO NOTHING;

INSERT INTO inventory_lots(lot_id, part_id, on_hand, reserved, location, updated_at) VALUES
  ('LOT-4001', 'P041', 542, 333, 'F2-LINE', now()),
  ('LOT-4002', 'P042', 0, 0, 'F2-WH', now()),
  ('LOT-4003', 'P043', 1503, 440, 'F3-WH', now()),
  ('LOT-4004', 'P044', 594, 484, 'F1-WH', now()),
  ('LOT-4005', 'P045', 1935, 201, 'F1-WH', now()),
  ('LOT-4006', 'P046', 1735, 55, 'F1-WH', now()),
  ('LOT-4007', 'P047', 150, 98, 'F3-WH', now()),
  ('LOT-4008', 'P048', 280, 170, 'F1-WH', now()),
  ('LOT-4009', 'P049', 1090, 250, 'F2-LINE', now()),
  ('LOT-4010', 'P050', 1195, 245, 'F1-WH', now()),
  ('LOT-4011', 'P051', 390, 9, 'F1-WH', now()),
  ('LOT-4012', 'P052', 1076, 192, 'F1-LINE', now()),
  ('LOT-4013', 'P053', 1443, 106, 'F3-WH', now()),
  ('LOT-4014', 'P054', 589, 489, 'F1-WH', now()),
  ('LOT-4015', 'P055', 555, 477, 'F2-LINE', now()),
  ('LOT-4016', 'P056', 676, 367, 'F1-LINE', now()),
  ('LOT-4017', 'P057', 1859, 393, 'F1-WH', now()),
  ('LOT-4018', 'P058', 1912, 470, 'F2-WH', now()),
  ('LOT-4019', 'P059', 1163, 308, 'F3-WH', now()),
  ('LOT-4020', 'P060', 558, 98, 'F1-LINE', now()),
  ('LOT-4021', 'P061', 1619, 151, 'F3-WH', now()),
  ('LOT-4022', 'P062', 378, 71, 'F1-WH', now()),
  ('LOT-4023', 'P063', 1418, 120, 'F3-WH', now()),
  ('LOT-4024', 'P064', 1308, 469, 'F1-WH', now()),
  ('LOT-4025', 'P065', 1788, 403, 'F2-LINE', now()),
  ('LOT-4026', 'P066', 126, 106, 'F1-WH', now()),
  ('LOT-4027', 'P067', 1468, 298, 'F2-WH', now()),
  ('LOT-4028', 'P068', 810, 130, 'F1-WH', now()),
  ('LOT-4029', 'P069', 1108, 30, 'F1-WH', now()),
  ('LOT-4030', 'P070', 766, 456, 'F1-LINE', now()),
  ('LOT-4031', 'P071', 611, 237, 'F1-WH', now()),
  ('LOT-4032', 'P072', 492, 105, 'F1-WH', now()),
  ('LOT-4033', 'P073', 823, 224, 'F1-WH', now()),
  ('LOT-4034', 'P074', 653, 295, 'F2-LINE', now()),
  ('LOT-4035', 'P075', 96, 44, 'F1-LINE', now()),
  ('LOT-4036', 'P076', 1756, 362, 'F3-WH', now()),
  ('LOT-4037', 'P077', 522, 104, 'F2-WH', now()),
  ('LOT-4038', 'P078', 0, 0, 'F2-LINE', now()),
  ('LOT-4039', 'P079', 1529, 386, 'F1-WH', now()),
  ('LOT-4040', 'P080', 1807, 254, 'F2-LINE', now()),
  ('LOT-4041', 'P081', 1914, 299, 'F2-LINE', now()),
  ('LOT-4042', 'P082', 943, 86, 'F1-LINE', now()),
  ('LOT-4043', 'P083', 1725, 322, 'F2-WH', now()),
  ('LOT-4044', 'P084', 1306, 341, 'F2-LINE', now()),
  ('LOT-4045', 'P085', 1880, 49, 'F1-WH', now()),
  ('LOT-4046', 'P086', 161, 95, 'F1-LINE', now()),
  ('LOT-4047', 'P087', 114, 81, 'F1-LINE', now()),
  ('LOT-4048', 'P088', 470, 108, 'F1-WH', now()),
  ('LOT-4049', 'P089', 332, 288, 'F3-WH', now()),
  ('LOT-4050', 'P090', 109, 12, 'F3-WH', now()),
  ('LOT-4051', 'P091', 1927, 192, 'F2-LINE', now()),
  ('LOT-4052', 'P092', 648, 184, 'F1-LINE', now()),
  ('LOT-4053', 'P093', 178, 47, 'F2-WH', now()),
  ('LOT-4054', 'P094', 847, 198, 'F3-WH', now()),
  ('LOT-4055', 'P095', 550, 154, 'F2-WH', now()),
  ('LOT-4056', 'P096', 1216, 315, 'F1-LINE', now()),
  ('LOT-4057', 'P097', 778, 411, 'F2-LINE', now()),
  ('LOT-4058', 'P098', 1981, 294, 'F1-LINE', now()),
  ('LOT-4059', 'P099', 1212, 279, 'F2-WH', now()),
  ('LOT-4060', 'P100', 1702, 354, 'F3-WH', now()),
  ('LOT-4061', 'P101', 1464, 216, 'F2-WH', now()),
  ('LOT-4062', 'P102', 340, 331, 'F3-WH', now()),
  ('LOT-4063', 'P103', 0, 0, 'F3-WH', now()),
  ('LOT-4064', 'P104', 948, 395, 'F1-LINE', now()),
  ('LOT-4065', 'P105', 1702, 481, 'F1-WH', now()),
  ('LOT-4066', 'P106', 199, 112, 'F1-LINE', now()),
  ('LOT-4067', 'P107', 873, 490, 'F2-LINE', now()),
  ('LOT-4068', 'P108', 421, 142, 'F2-WH', now()),
  ('LOT-4069', 'P109', 537, 343, 'F1-WH', now()),
  ('LOT-4070', 'P110', 641, 60, 'F2-WH', now()),
  ('LOT-4071', 'P111', 282, 196, 'F2-LINE', now()),
  ('LOT-4072', 'P112', 992, 69, 'F1-WH', now()),
  ('LOT-4073', 'P113', 851, 363, 'F1-LINE', now()),
  ('LOT-4074', 'P114', 1520, 395, 'F2-LINE', now()),
  ('LOT-4075', 'P115', 1507, 424, 'F1-WH', now()),
  ('LOT-4076', 'P116', 1588, 415, 'F1-WH', now()),
  ('LOT-4077', 'P117', 1607, 105, 'F2-WH', now()),
  ('LOT-4078', 'P118', 592, 293, 'F3-WH', now()),
  ('LOT-4079', 'P119', 1002, 72, 'F1-LINE', now()),
  ('LOT-4080', 'P120', 1496, 497, 'F1-WH', now()),
  ('LOT-4081', 'P121', 267, 248, 'F2-LINE', now()),
  ('LOT-4082', 'P122', 1806, 332, 'F2-WH', now()),
  ('LOT-4083', 'P123', 1441, 48, 'F1-WH', now()),
  ('LOT-4084', 'P124', 1424, 175, 'F1-WH', now()),
  ('LOT-4085', 'P125', 211, 80, 'F1-WH', now()),
  ('LOT-4086', 'P126', 1286, 383, 'F2-WH', now()),
  ('LOT-4087', 'P127', 1495, 196, 'F2-LINE', now()),
  ('LOT-4088', 'P128', 420, 265, 'F3-WH', now()),
  ('LOT-4089', 'P129', 230, 61, 'F1-LINE', now()),
  ('LOT-4090', 'P130', 1202, 34, 'F1-WH', now()),
  ('LOT-4091', 'P131', 1571, 212, 'F2-LINE', now()),
  ('LOT-4092', 'P132', 1299, 390, 'F2-LINE', now()),
  ('LOT-4093', 'P133', 237, 116, 'F1-LINE', now()),
  ('LOT-4094', 'P134', 1951, 177, 'F1-LINE', now()),
  ('LOT-4095', 'P135', 1285, 39, 'F2-LINE', now()),
  ('LOT-4096', 'P136', 5, 0, 'F2-LINE', now()),
  ('LOT-4097', 'P137', 1132, 411, 'F1-WH', now()),
  ('LOT-4098', 'P138', 94, 51, 'F2-LINE', now()),
  ('LOT-4099', 'P139', 16, 11, 'F1-LINE', now()),
  ('LOT-4100', 'P140', 1990, 252, 'F2-LINE', now()),
  ('LOT-4101', 'P141', 1302, 429, 'F3-WH', now()),
  ('LOT-4102', 'P142', 1085, 121, 'F2-WH', now()),
  ('LOT-4103', 'P143', 1189, 48, 'F1-WH', now()),
  ('LOT-4104', 'P144', 484, 149, 'F2-WH', now()),
  ('LOT-4105', 'P145', 336, 230, 'F1-WH', now()),
  ('LOT-4106', 'P146', 1692, 360, 'F3-WH', now()),
  ('LOT-4107', 'P147', 100, 86, 'F2-LINE', now()),
  ('LOT-4108', 'P148', 267, 101, 'F2-WH', now()),
  ('LOT-4109', 'P149', 87, 59, 'F1-WH', now()),
  ('LOT-4110', 'P150', 1399, 218, 'F1-LINE', now()),
  ('LOT-4111', 'P151', 1257, 317, 'F1-WH', now()),
  ('LOT-4112', 'P152', 784, 70, 'F3-WH', now()),
  ('LOT-4113', 'P153', 368, 13, 'F3-WH', now()),
  ('LOT-4114', 'P154', 545, 273, 'F2-WH', now()),
  ('LOT-4115', 'P155', 651, 412, 'F2-LINE', now()),
  ('LOT-4116', 'P156', 448, 10, 'F2-LINE', now()),
  ('LOT-4117', 'P157', 1762, 186, 'F2-LINE', now()),
  ('LOT-4118', 'P158', 1998, 80, 'F2-WH', now()),
  ('LOT-4119', 'P159', 1943, 359, 'F1-WH', now()),
  ('LOT-4120', 'P160', 1302, 453, 'F2-WH', now()),
  ('LOT-4121', 'P161', 717, 131, 'F1-WH', now()),
  ('LOT-4122', 'P162', 1805, 193, 'F1-LINE', now()),
  ('LOT-4123', 'P163', 700, 87, 'F1-WH', now()),
  ('LOT-4124', 'P164', 678, 105, 'F1-WH', now()),
  ('LOT-4125', 'P165', 196, 12, 'F2-WH', now()),
  ('LOT-4126', 'P166', 167, 121, 'F3-WH', now()),
  ('LOT-4127', 'P167', 793, 94, 'F2-LINE', now()),
  ('LOT-4128', 'P168', 175, 171, 'F1-WH', now()),
  ('LOT-4129', 'P169', 161, 101, 'F3-WH', now()),
  ('LOT-4130', 'P170', 258, 21, 'F2-WH', now()),
  ('LOT-4131', 'P171', 938, 469, 'F2-LINE', now()),
  ('LOT-4132', 'P172', 1596, 51, 'F2-LINE', now()),
  ('LOT-4133', 'P173', 1414, 121, 'F3-WH', now()),
  ('LOT-4134', 'P174', 1726, 251, 'F3-WH', now()),
  ('LOT-4135', 'P175', 1238, 330, 'F1-LINE', now()),
  ('LOT-4136', 'P176', 1620, 81, 'F2-LINE', now()),
  ('LOT-4137', 'P177', 1714, 29, 'F2-WH', now()),
  ('LOT-4138', 'P178', 1034, 203, 'F1-LINE', now()),
  ('LOT-4139', 'P179', 1201, 282, 'F1-LINE', now()),
  ('LOT-4140', 'P180', 1387, 105, 'F2-WH', now()),
  ('LOT-4141', 'P181', 1459, 495, 'F3-WH', now()),
  ('LOT-4142', 'P182', 1149, 331, 'F3-WH', now()),
  ('LOT-4143', 'P183', 1567, 123, 'F2-LINE', now()),
  ('LOT-4144', 'P184', 1857, 214, 'F3-WH', now()),
  ('LOT-4145', 'P185', 1731, 87, 'F3-WH', now()),
  ('LOT-4146', 'P186', 1340, 45, 'F3-WH', now()),
  ('LOT-4147', 'P187', 1199, 150, 'F3-WH', now()),
  ('LOT-4148', 'P188', 410, 175, 'F2-WH', now()),
  ('LOT-4149', 'P189', 428, 389, 'F3-WH', now()),
  ('LOT-4150', 'P190', 826, 219, 'F1-LINE', now()),
  ('LOT-4151', 'P191', 639, 66, 'F3-WH', now()),
  ('LOT-4152', 'P192', 1942, 148, 'F3-WH', now()),
  ('LOT-4153', 'P193', 467, 114, 'F1-WH', now()),
  ('LOT-4154', 'P194', 768, 448, 'F1-WH', now()),
  ('LOT-4155', 'P195', 420, 355, 'F2-WH', now()),
  ('LOT-4156', 'P196', 1047, 368, 'F1-WH', now()),
  ('LOT-4157', 'P197', 1593, 134, 'F2-WH', now()),
  ('LOT-4158', 'P198', 677, 120, 'F1-LINE', now()),
  ('LOT-4159', 'P199', 153, 25, 'F2-LINE', now()),
  ('LOT-4160', 'P200', 194, 194, 'F1-WH', now())
ON CONFLICT DO NOTHING;
