-- Generated by generate_demo_data.py

INSERT INTO factories(factory_id, name) VALUES
  ('F1', '上海工厂 / Shanghai Plant'),
  ('F2', '苏州工厂 / Suzhou Plant'),
  ('F3', '重庆工厂 / Chongqing Plant')
ON CONFLICT DO NOTHING;

INSERT INTO machines(machine_id, factory_id, status, capacity_per_day) VALUES
  ('M1', 'F1', 'Running', 783),
  ('M2', 'F1', 'Maintenance', 1825),
  ('M3', 'F1', 'Running', 1173),
  ('M4', 'F2', 'Idle', 1773),
  ('M5', 'F2', 'Idle', 690),
  ('M6', 'F2', 'Idle', 1201),
  ('M7', 'F2', 'Running', 733),
  ('M8', 'F2', 'Idle', 1319),
  ('M9', 'F3', 'Idle', 1289),
  ('M10', 'F3', 'Maintenance', 1479),
  ('M11', 'F3', 'Idle', 1828),
  ('M12', 'F3', 'Running', 731),
  ('M13', 'F3', 'Running', 1925),
  ('M14', 'F3', 'Maintenance', 620)
ON CONFLICT DO NOTHING;

INSERT INTO production_orders(prod_order_id, sales_order_id, factory_id, product_id, qty, status, planned_start, planned_end, updated_at) VALUES
  ('MO5001', 'SO0001', 'F1', 'PR8', 2519, 'Cancelled', '2026-02-16', '2026-02-25', now()),
  ('MO5002', 'SO0002', 'F3', 'PR6', 2099, 'Scheduled', '2026-02-18', '2026-02-28', now()),
  ('MO5003', 'SO0003', 'F3', 'PR20', 2985, 'InProgress', '2026-03-02', '2026-03-05', now()),
  ('MO5004', 'SO0004', 'F2', 'PR8', 2870, 'Cancelled', '2026-03-04', '2026-03-17', now()),
  ('MO5005', 'SO0005', 'F1', 'PR15', 2022, 'Cancelled', '2026-02-20', '2026-03-03', now()),
  ('MO5006', 'SO0006', 'F2', 'PR1', 1239, 'Scheduled', '2026-02-25', '2026-03-05', now()),
  ('MO5007', 'SO0007', 'F2', 'PR18', 1980, 'Cancelled', '2026-02-25', '2026-03-01', now()),
  ('MO5008', 'SO0008', 'F1', 'PR12', 2776, 'Scheduled', '2026-03-13', '2026-03-27', now()),
  ('MO5009', 'SO0009', 'F1', 'PR14', 2574, 'Completed', '2026-02-10', '2026-02-14', now()),
  ('MO5010', 'SO0010', 'F2', 'PR7', 1013, 'Cancelled', '2026-03-05', '2026-03-08', now()),
  ('MO5011', 'SO0011', 'F1', 'PR4', 1008, 'Scheduled', '2026-02-16', '2026-03-01', now()),
  ('MO5012', 'SO0012', 'F3', 'PR19', 772, 'Cancelled', '2026-02-16', '2026-02-19', now()),
  ('MO5013', 'SO0013', 'F1', 'PR10', 902, 'InProgress', '2026-02-26', '2026-03-10', now()),
  ('MO5014', 'SO0014', 'F2', 'PR9', 1484, 'Scheduled', '2026-02-22', '2026-03-08', now()),
  ('MO5015', 'SO0015', 'F3', 'PR20', 2143, 'Scheduled', '2026-03-14', '2026-03-19', now()),
  ('MO5016', 'SO0016', 'F3', 'PR10', 825, 'InProgress', '2026-03-12', '2026-03-23', now()),
  ('MO5017', 'SO0017', 'F3', 'PR8', 1675, 'Cancelled', '2026-03-02', '2026-03-13', now()),
  ('MO5018', 'SO0018', 'F2', 'PR5', 646, 'InProgress', '2026-02-28', '2026-03-10', now()),
  ('MO5019', 'SO0019', 'F3', 'PR10', 958, 'Completed', '2026-02-23', '2026-03-01', now()),
  ('MO5020', 'SO0020', 'F3', 'PR5', 572, 'Completed', '2026-03-02', '2026-03-16', now()),
  ('MO5021', 'SO0021', 'F2', 'PR11', 536, 'Scheduled', '2026-02-10', '2026-02-21', now()),
  ('MO5022', 'SO0022', 'F2', 'PR5', 2899, 'Completed', '2026-02-20', '2026-02-27', now()),
  ('MO5023', 'SO0023', 'F1', 'PR17', 1953, 'Scheduled', '2026-02-12', '2026-02-20', now()),
  ('MO5024', 'SO0024', 'F1', 'PR9', 1278, 'Scheduled', '2026-03-14', '2026-03-28', now()),
  ('MO5025', 'SO0025', 'F3', 'PR10', 1129, 'InProgress', '2026-02-13', '2026-02-16', now()),
  ('MO5026', 'SO0026', 'F3', 'PR15', 1938, 'InProgress', '2026-02-22', '2026-03-01', now()),
  ('MO5027', 'SO0027', 'F3', 'PR13', 1645, 'Scheduled', '2026-03-14', '2026-03-18', now()),
  ('MO5028', 'SO0028', 'F3', 'PR13', 1453, 'Cancelled', '2026-02-26', '2026-03-01', now()),
  ('MO5029', 'SO0029', 'F2', 'PR15', 2621, 'Completed', '2026-02-13', '2026-02-26', now()),
  ('MO5030', 'SO0030', 'F3', 'PR19', 2232, 'Scheduled', '2026-02-24', '2026-03-01', now()),
  ('MO5031', 'SO0031', 'F1', 'PR4', 973, 'Completed', '2026-03-04', '2026-03-10', now()),
  ('MO5032', 'SO0032', 'F3', 'PR1', 2839, 'Completed', '2026-02-10', '2026-02-14', now()),
  ('MO5033', 'SO0033', 'F2', 'PR20', 1150, 'Completed', '2026-02-17', '2026-02-26', now()),
  ('MO5034', 'SO0034', 'F3', 'PR15', 2093, 'Scheduled', '2026-03-14', '2026-03-24', now()),
  ('MO5035', 'SO0035', 'F1', 'PR4', 2284, 'Scheduled', '2026-02-20', '2026-03-03', now()),
  ('MO5036', 'SO0036', 'F3', 'PR10', 942, 'Cancelled', '2026-03-09', '2026-03-13', now()),
  ('MO5037', 'SO0037', 'F1', 'PR8', 1458, 'Scheduled', '2026-03-11', '2026-03-25', now()),
  ('MO5038', 'SO0038', 'F1', 'PR15', 388, 'InProgress', '2026-02-26', '2026-03-09', now()),
  ('MO5039', 'SO0039', 'F2', 'PR19', 1695, 'Scheduled', '2026-03-02', '2026-03-05', now()),
  ('MO5040', 'SO0040', 'F3', 'PR4', 397, 'Completed', '2026-02-12', '2026-02-26', now()),
  ('MO5041', 'SO0041', 'F3', 'PR9', 1892, 'Cancelled', '2026-02-15', '2026-02-22', now()),
  ('MO5042', 'SO0042', 'F3', 'PR7', 1701, 'Completed', '2026-02-24', '2026-03-01', now()),
  ('MO5043', 'SO0043', 'F1', 'PR12', 271, 'Scheduled', '2026-02-19', '2026-02-23', now()),
  ('MO5044', 'SO0044', 'F3', 'PR18', 1790, 'InProgress', '2026-03-04', '2026-03-10', now()),
  ('MO5045', 'SO0045', 'F3', 'PR9', 569, 'InProgress', '2026-02-26', '2026-03-04', now()),
  ('MO5046', 'SO0046', 'F3', 'PR3', 2851, 'Scheduled', '2026-02-14', '2026-02-21', now()),
  ('MO5047', 'SO0047', 'F2', 'PR2', 2849, 'InProgress', '2026-03-04', '2026-03-09', now()),
  ('MO5048', 'SO0048', 'F1', 'PR19', 1945, 'Completed', '2026-03-02', '2026-03-12', now()),
  ('MO5049', 'SO0049', 'F2', 'PR19', 119, 'Completed', '2026-03-09', '2026-03-14', now()),
  ('MO5050', 'SO0050', 'F2', 'PR11', 2883, 'Completed', '2026-03-05', '2026-03-10', now()),
  ('MO5051', 'SO0051', 'F2', 'PR9', 2744, 'Scheduled', '2026-02-16', '2026-02-21', now()),
  ('MO5052', 'SO0052', 'F3', 'PR6', 2177, 'Scheduled', '2026-02-14', '2026-02-17', now()),
  ('MO5053', 'SO0053', 'F3', 'PR5', 708, 'Completed', '2026-03-12', '2026-03-25', now()),
  ('MO5054', 'SO0054', 'F3', 'PR19', 1725, 'Completed', '2026-03-14', '2026-03-18', now()),
  ('MO5055', 'SO0055', 'F3', 'PR9', 674, 'Cancelled', '2026-02-20', '2026-03-03', now()),
  ('MO5056', 'SO0056', 'F3', 'PR17', 265, 'InProgress', '2026-03-12', '2026-03-20', now()),
  ('MO5057', 'SO0057', 'F1', 'PR16', 946, 'Completed', '2026-02-12', '2026-02-25', now()),
  ('MO5058', 'SO0058', 'F3', 'PR17', 2982, 'Completed', '2026-03-02', '2026-03-06', now()),
  ('MO5059', 'SO0059', 'F2', 'PR17', 1130, 'Cancelled', '2026-02-14', '2026-02-25', now()),
  ('MO5060', 'SO0060', 'F2', 'PR17', 2074, 'Scheduled', '2026-03-04', '2026-03-14', now()),
  ('MO5061', 'SO0061', 'F1', 'PR2', 2735, 'Completed', '2026-02-14', '2026-02-25', now()),
  ('MO5062', 'SO0062', 'F1', 'PR14', 584, 'InProgress', '2026-03-05', '2026-03-17', now()),
  ('MO5063', 'SO0063', 'F2', 'PR3', 760, 'Cancelled', '2026-02-23', '2026-03-07', now()),
  ('MO5064', 'SO0064', 'F1', 'PR3', 2678, 'Scheduled', '2026-02-20', '2026-02-25', now()),
  ('MO5065', 'SO0065', 'F2', 'PR13', 1760, 'Scheduled', '2026-02-21', '2026-03-04', now()),
  ('MO5066', 'SO0066', 'F2', 'PR15', 1782, 'InProgress', '2026-02-20', '2026-02-26', now()),
  ('MO5067', 'SO0067', 'F1', 'PR4', 2543, 'Scheduled', '2026-03-03', '2026-03-13', now()),
  ('MO5068', 'SO0068', 'F1', 'PR14', 928, 'Cancelled', '2026-02-16', '2026-02-19', now()),
  ('MO5069', 'SO0069', 'F1', 'PR14', 2556, 'Scheduled', '2026-03-12', '2026-03-24', now()),
  ('MO5070', 'SO0070', 'F3', 'PR13', 2308, 'Scheduled', '2026-02-18', '2026-03-02', now()),
  ('MO5071', 'SO0071', 'F3', 'PR11', 1039, 'Cancelled', '2026-03-15', '2026-03-24', now()),
  ('MO5072', 'SO0072', 'F2', 'PR12', 443, 'Completed', '2026-03-12', '2026-03-18', now()),
  ('MO5073', 'SO0073', 'F3', 'PR3', 2228, 'Scheduled', '2026-03-15', '2026-03-19', now()),
  ('MO5074', 'SO0074', 'F2', 'PR3', 733, 'Cancelled', '2026-03-05', '2026-03-09', now()),
  ('MO5075', 'SO0075', 'F3', 'PR5', 1727, 'InProgress', '2026-02-27', '2026-03-12', now()),
  ('MO5076', 'SO0076', 'F3', 'PR4', 1356, 'Completed', '2026-03-12', '2026-03-19', now()),
  ('MO5077', 'SO0077', 'F3', 'PR2', 2964, 'InProgress', '2026-02-24', '2026-03-06', now()),
  ('MO5078', 'SO0078', 'F2', 'PR12', 1693, 'Scheduled', '2026-02-13', '2026-02-18', now()),
  ('MO5079', 'SO0079', 'F3', 'PR5', 362, 'Completed', '2026-03-09', '2026-03-13', now()),
  ('MO5080', 'SO0080', 'F3', 'PR12', 1674, 'Cancelled', '2026-02-12', '2026-02-26', now()),
  ('MO5081', 'SO0081', 'F2', 'PR9', 2790, 'Completed', '2026-02-10', '2026-02-16', now()),
  ('MO5082', 'SO0082', 'F3', 'PR18', 247, 'Completed', '2026-02-20', '2026-03-05', now()),
  ('MO5083', 'SO0083', 'F1', 'PR20', 1736, 'Completed', '2026-02-15', '2026-02-22', now()),
  ('MO5084', 'SO0084', 'F3', 'PR9', 2351, 'Completed', '2026-02-14', '2026-02-18', now()),
  ('MO5085', 'SO0085', 'F2', 'PR12', 119, 'Completed', '2026-03-07', '2026-03-19', now()),
  ('MO5086', 'SO0086', 'F3', 'PR19', 1305, 'Completed', '2026-02-14', '2026-02-25', now()),
  ('MO5087', 'SO0087', 'F3', 'PR1', 1913, 'Cancelled', '2026-02-26', '2026-03-12', now()),
  ('MO5088', 'SO0088', 'F3', 'PR13', 576, 'Completed', '2026-02-11', '2026-02-21', now()),
  ('MO5089', 'SO0089', 'F3', 'PR6', 1789, 'Completed', '2026-02-24', '2026-03-04', now()),
  ('MO5090', 'SO0090', 'F1', 'PR19', 1734, 'Completed', '2026-02-28', '2026-03-04', now()),
  ('MO5091', 'SO0091', 'F2', 'PR5', 995, 'Completed', '2026-03-02', '2026-03-10', now()),
  ('MO5092', 'SO0092', 'F3', 'PR3', 1091, 'Completed', '2026-02-22', '2026-02-28', now()),
  ('MO5093', 'SO0093', 'F1', 'PR16', 536, 'Scheduled', '2026-03-04', '2026-03-09', now()),
  ('MO5094', 'SO0094', 'F3', 'PR9', 273, 'Cancelled', '2026-02-10', '2026-02-21', now()),
  ('MO5095', 'SO0095', 'F2', 'PR12', 1247, 'Cancelled', '2026-02-21', '2026-03-04', now()),
  ('MO5096', 'SO0096', 'F1', 'PR19', 2059, 'Scheduled', '2026-03-15', '2026-03-24', now()),
  ('MO5097', 'SO0097', 'F3', 'PR2', 1392, 'Scheduled', '2026-03-15', '2026-03-25', now()),
  ('MO5098', 'SO0098', 'F2', 'PR1', 1581, 'Completed', '2026-02-16', '2026-02-24', now()),
  ('MO5099', 'SO0099', 'F1', 'PR5', 2611, 'Completed', '2026-02-27', '2026-03-09', now()),
  ('MO5100', 'SO0100', 'F2', 'PR4', 1740, 'Completed', '2026-03-05', '2026-03-13', now())
ON CONFLICT DO NOTHING;

INSERT INTO work_orders(work_order_id, prod_order_id, machine_id, status, updated_at) VALUES
  ('WO6001', 'MO5001', 'M1', 'Done', now()),
  ('WO6002', 'MO5001', 'M2', 'NotReleased', now()),
  ('WO6003', 'MO5002', 'M12', 'NotReleased', now()),
  ('WO6004', 'MO5002', 'M9', 'Active', now()),
  ('WO6005', 'MO5003', 'M13', 'NotReleased', now()),
  ('WO6006', 'MO5003', 'M12', 'Released', now()),
  ('WO6007', 'MO5004', 'M8', 'NotReleased', now()),
  ('WO6008', 'MO5005', 'M1', 'Done', now()),
  ('WO6009', 'MO5006', 'M8', 'Done', now()),
  ('WO6010', 'MO5007', 'M4', 'Done', now()),
  ('WO6011', 'MO5007', 'M7', 'Active', now()),
  ('WO6012', 'MO5008', 'M2', 'Done', now()),
  ('WO6013', 'MO5009', 'M3', 'Done', now()),
  ('WO6014', 'MO5010', 'M8', 'Done', now()),
  ('WO6015', 'MO5010', 'M6', 'Done', now()),
  ('WO6016', 'MO5011', 'M2', 'Active', now()),
  ('WO6017', 'MO5011', 'M3', 'Active', now()),
  ('WO6018', 'MO5012', 'M14', 'Done', now()),
  ('WO6019', 'MO5013', 'M2', 'Released', now()),
  ('WO6020', 'MO5014', 'M4', 'NotReleased', now()),
  ('WO6021', 'MO5014', 'M7', 'Done', now()),
  ('WO6022', 'MO5015', 'M13', 'Done', now()),
  ('WO6023', 'MO5016', 'M9', 'Done', now()),
  ('WO6024', 'MO5017', 'M11', 'Done', now()),
  ('WO6025', 'MO5018', 'M8', 'Active', now()),
  ('WO6026', 'MO5018', 'M8', 'Active', now()),
  ('WO6027', 'MO5019', 'M14', 'Released', now()),
  ('WO6028', 'MO5019', 'M14', 'Released', now()),
  ('WO6029', 'MO5020', 'M13', 'Done', now()),
  ('WO6030', 'MO5020', 'M14', 'Active', now()),
  ('WO6031', 'MO5021', 'M5', 'NotReleased', now()),
  ('WO6032', 'MO5021', 'M4', 'Released', now()),
  ('WO6033', 'MO5022', 'M4', 'Active', now()),
  ('WO6034', 'MO5023', 'M3', 'Done', now()),
  ('WO6035', 'MO5024', 'M2', 'Done', now()),
  ('WO6036', 'MO5024', 'M3', 'Active', now()),
  ('WO6037', 'MO5025', 'M10', 'Active', now()),
  ('WO6038', 'MO5025', 'M13', 'Released', now()),
  ('WO6039', 'MO5026', 'M10', 'Released', now()),
  ('WO6040', 'MO5027', 'M11', 'Active', now()),
  ('WO6041', 'MO5027', 'M10', 'Released', now()),
  ('WO6042', 'MO5028', 'M9', 'Released', now()),
  ('WO6043', 'MO5029', 'M8', 'Active', now()),
  ('WO6044', 'MO5029', 'M4', 'Active', now()),
  ('WO6045', 'MO5030', 'M12', 'Done', now()),
  ('WO6046', 'MO5031', 'M2', 'Active', now()),
  ('WO6047', 'MO5031', 'M1', 'Done', now()),
  ('WO6048', 'MO5032', 'M10', 'Released', now()),
  ('WO6049', 'MO5032', 'M9', 'Active', now()),
  ('WO6050', 'MO5033', 'M8', 'Active', now()),
  ('WO6051', 'MO5034', 'M14', 'Released', now()),
  ('WO6052', 'MO5034', 'M11', 'NotReleased', now()),
  ('WO6053', 'MO5035', 'M1', 'Released', now()),
  ('WO6054', 'MO5036', 'M14', 'Released', now()),
  ('WO6055', 'MO5037', 'M1', 'NotReleased', now()),
  ('WO6056', 'MO5038', 'M2', 'Done', now()),
  ('WO6057', 'MO5038', 'M2', 'Done', now()),
  ('WO6058', 'MO5039', 'M8', 'NotReleased', now()),
  ('WO6059', 'MO5040', 'M11', 'Active', now()),
  ('WO6060', 'MO5041', 'M14', 'NotReleased', now()),
  ('WO6061', 'MO5041', 'M12', 'Released', now()),
  ('WO6062', 'MO5042', 'M11', 'Active', now()),
  ('WO6063', 'MO5043', 'M3', 'NotReleased', now()),
  ('WO6064', 'MO5043', 'M2', 'Released', now()),
  ('WO6065', 'MO5044', 'M10', 'Released', now()),
  ('WO6066', 'MO5045', 'M13', 'Done', now()),
  ('WO6067', 'MO5046', 'M9', 'Released', now()),
  ('WO6068', 'MO5046', 'M14', 'Done', now()),
  ('WO6069', 'MO5047', 'M6', 'NotReleased', now()),
  ('WO6070', 'MO5048', 'M3', 'Released', now()),
  ('WO6071', 'MO5048', 'M3', 'Active', now()),
  ('WO6072', 'MO5049', 'M5', 'Done', now()),
  ('WO6073', 'MO5050', 'M7', 'Done', now()),
  ('WO6074', 'MO5050', 'M6', 'Active', now()),
  ('WO6075', 'MO5051', 'M5', 'Released', now()),
  ('WO6076', 'MO5051', 'M6', 'NotReleased', now()),
  ('WO6077', 'MO5052', 'M13', 'Released', now()),
  ('WO6078', 'MO5052', 'M9', 'Active', now()),
  ('WO6079', 'MO5053', 'M10', 'Active', now()),
  ('WO6080', 'MO5053', 'M10', 'Done', now()),
  ('WO6081', 'MO5054', 'M14', 'Released', now()),
  ('WO6082', 'MO5055', 'M10', 'Released', now()),
  ('WO6083', 'MO5056', 'M10', 'NotReleased', now()),
  ('WO6084', 'MO5056', 'M11', 'Active', now()),
  ('WO6085', 'MO5057', 'M2', 'Done', now()),
  ('WO6086', 'MO5057', 'M1', 'NotReleased', now()),
  ('WO6087', 'MO5058', 'M13', 'Released', now()),
  ('WO6088', 'MO5058', 'M12', 'Done', now()),
  ('WO6089', 'MO5059', 'M8', 'Done', now()),
  ('WO6090', 'MO5060', 'M7', 'Released', now()),
  ('WO6091', 'MO5061', 'M1', 'Released', now()),
  ('WO6092', 'MO5062', 'M2', 'NotReleased', now()),
  ('WO6093', 'MO5062', 'M2', 'Done', now()),
  ('WO6094', 'MO5063', 'M5', 'NotReleased', now()),
  ('WO6095', 'MO5064', 'M1', 'Released', now()),
  ('WO6096', 'MO5065', 'M4', 'Released', now()),
  ('WO6097', 'MO5065', 'M7', 'Done', now()),
  ('WO6098', 'MO5066', 'M8', 'Active', now()),
  ('WO6099', 'MO5067', 'M2', 'Done', now()),
  ('WO6100', 'MO5068', 'M3', 'NotReleased', now()),
  ('WO6101', 'MO5069', 'M1', 'Done', now()),
  ('WO6102', 'MO5070', 'M13', 'Done', now()),
  ('WO6103', 'MO5070', 'M11', 'NotReleased', now()),
  ('WO6104', 'MO5071', 'M11', 'NotReleased', now()),
  ('WO6105', 'MO5071', 'M12', 'Released', now()),
  ('WO6106', 'MO5072', 'M6', 'Released', now()),
  ('WO6107', 'MO5072', 'M4', 'NotReleased', now()),
  ('WO6108', 'MO5073', 'M14', 'Released', now()),
  ('WO6109', 'MO5073', 'M14', 'Active', now()),
  ('WO6110', 'MO5074', 'M6', 'Done', now()),
  ('WO6111', 'MO5074', 'M8', 'Active', now()),
  ('WO6112', 'MO5075', 'M13', 'Done', now()),
  ('WO6113', 'MO5075', 'M10', 'Active', now()),
  ('WO6114', 'MO5076', 'M14', 'Released', now()),
  ('WO6115', 'MO5076', 'M14', 'NotReleased', now()),
  ('WO6116', 'MO5077', 'M10', 'Done', now()),
  ('WO6117', 'MO5078', 'M5', 'Done', now()),
  ('WO6118', 'MO5079', 'M11', 'NotReleased', now()),
  ('WO6119', 'MO5080', 'M14', 'NotReleased', now()),
  ('WO6120', 'MO5080', 'M10', 'Done', now()),
  ('WO6121', 'MO5081', 'M4', 'Released', now()),
  ('WO6122', 'MO5082', 'M14', 'NotReleased', now()),
  ('WO6123', 'MO5083', 'M2', 'Released', now()),
  ('WO6124', 'MO5083', 'M3', 'NotReleased', now()),
  ('WO6125', 'MO5084', 'M11', 'Active', now()),
  ('WO6126', 'MO5084', 'M10', 'Released', now()),
  ('WO6127', 'MO5085', 'M7', 'NotReleased', now()),
  ('WO6128', 'MO5086', 'M13', 'Active', now()),
  ('WO6129', 'MO5087', 'M10', 'Active', now()),
  ('WO6130', 'MO5087', 'M12', 'Done', now()),
  ('WO6131', 'MO5088', 'M12', 'Released', now()),
  ('WO6132', 'MO5089', 'M14', 'Active', now()),
  ('WO6133', 'MO5090', 'M3', 'Released', now()),
  ('WO6134', 'MO5091', 'M5', 'Done', now()),
  ('WO6135', 'MO5092', 'M10', 'Released', now()),
  ('WO6136', 'MO5093', 'M3', 'Done', now()),
  ('WO6137', 'MO5094', 'M13', 'Active', now()),
  ('WO6138', 'MO5094', 'M12', 'Active', now()),
  ('WO6139', 'MO5095', 'M8', 'Released', now()),
  ('WO6140', 'MO5096', 'M2', 'Released', now()),
  ('WO6141', 'MO5096', 'M2', 'NotReleased', now()),
  ('WO6142', 'MO5097', 'M14', 'Released', now()),
  ('WO6143', 'MO5098', 'M8', 'Active', now()),
  ('WO6144', 'MO5099', 'M1', 'Done', now()),
  ('WO6145', 'MO5099', 'M2', 'Released', now()),
  ('WO6146', 'MO5100', 'M5', 'Released', now()),
  ('WO6147', 'MO5100', 'M8', 'Released', now())
ON CONFLICT DO NOTHING;
